,local_time,cumulative_generated_energy (kwh),actual_generated_energy (kwh),exported_energy (kwh),consumed_energy (kwh)
1,2017-05-23 T08:30,9105,1.0,0.0,1.0
2,2017-05-23 T09:00,9106,1.0,0.0,1.0
3,2017-05-23 T09:30,9108,2.0,0.0,2.0
4,2017-05-23 T10:00,9111,3.0,0.0,3.0
5,2017-05-23 T10:30,9114,3.0,0.0,3.0
6,2017-05-23 T11:00,9118,4.0,0.0,4.0
7,2017-05-23 T11:30,9122,4.0,0.0,4.0
8,2017-05-23 T12:00,9126,4.0,0.0,4.0
9,2017-05-23 T12:30,9132,6.0,0.0,6.0
10,2017-05-23 T13:00,9137,5.0,0.0,5.0
11,2017-05-23 T13:30,9141,4.0,0.0,4.0
12,2017-05-23 T14:00,9146,5.0,0.0,5.0
13,2017-05-23 T14:30,9149,3.0,0.0,3.0
14,2017-05-23 T15:00,9154,5.0,0.0,5.0
15,2017-05-23 T15:30,9156,2.0,0.0,2.0
16,2017-05-23 T16:00,9157,1.0,0.0,1.0
17,2017-05-23 T16:30,9158,1.0,0.0,1.0
18,2017-05-23 T17:00,9159,1.0,0.0,1.0
19,2017-05-23 T17:30,9159,0.0,0.0,0.0
20,2017-05-23 T18:00,9159,0.0,0.0,0.0
21,2017-05-23 T18:30,9159,0.0,0.0,0.0
22,2017-05-23 T19:00,9159,0.0,0.0,0.0
23,2017-05-23 T19:30,9159,0.0,0.0,0.0
24,2017-05-23 T20:00,9159,0.0,0.0,0.0
25,2017-05-23 T20:30,9159,0.0,0.0,0.0
26,2017-05-23 T21:00,9159,0.0,0.0,0.0
27,2017-05-23 T21:30,9159,0.0,0.0,0.0
28,2017-05-23 T22:00,9159,0.0,0.0,0.0
29,2017-05-23 T22:30,9159,0.0,0.0,0.0
30,2017-05-23 T23:00,9159,0.0,0.0,0.0
31,2017-05-23 T23:30,9159,0.0,0.0,0.0
32,2017-05-24 T00:00,9159,0.0,0.0,0.0
33,2017-05-24 T00:30,9159,0.0,0.0,0.0
34,2017-05-24 T01:00,9159,0.0,0.0,0.0
35,2017-05-24 T01:30,9159,0.0,0.0,0.0
36,2017-05-24 T02:00,9159,0.0,0.0,0.0
37,2017-05-24 T02:30,9159,0.0,0.0,0.0
38,2017-05-24 T03:00,9159,0.0,0.0,0.0
39,2017-05-24 T03:30,9159,0.0,0.0,0.0
40,2017-05-24 T04:00,9159,0.0,0.0,0.0
41,2017-05-24 T04:30,9159,0.0,0.0,0.0
42,2017-05-24 T05:00,9159,0.0,0.0,0.0
43,2017-05-24 T05:30,9159,0.0,0.0,0.0
44,2017-05-24 T06:00,9159,0.0,0.0,0.0
45,2017-05-24 T06:30,9159,0.0,0.0,0.0
46,2017-05-24 T07:00,9159,0.0,0.0,0.0
47,2017-05-24 T07:30,9159,0.0,0.0,0.0
48,2017-05-24 T08:00,9160,1.0,0.0,1.0
49,2017-05-24 T08:30,9161,1.0,0.0,1.0
50,2017-05-24 T09:00,9166,5.0,0.0,5.0
51,2017-05-24 T09:30,9171,5.0,0.0,5.0
52,2017-05-24 T10:00,9179,8.0,0.0,8.0
53,2017-05-24 T10:30,9186,7.0,0.0,7.0
54,2017-05-24 T11:00,9193,7.0,0.0,7.0
55,2017-05-24 T11:30,9199,6.0,0.0,6.0
56,2017-05-24 T12:00,9203,4.0,0.0,4.0
57,2017-05-24 T12:30,9209,6.0,0.0,6.0
58,2017-05-24 T13:00,9215,6.0,0.0,6.0
59,2017-05-24 T13:30,9219,4.0,0.0,4.0
60,2017-05-24 T14:00,9228,9.0,0.0,9.0
61,2017-05-24 T14:30,9235,7.0,0.0,7.0
62,2017-05-24 T15:00,9244,9.0,0.0,9.0
63,2017-05-24 T15:30,9249,5.0,0.0,5.0
64,2017-05-24 T16:00,9254,5.0,0.0,5.0
65,2017-05-24 T16:30,9257,3.0,0.0,3.0
66,2017-05-24 T17:00,9258,1.0,0.0,1.0
67,2017-05-24 T17:30,9258,0.0,0.0,0.0
68,2017-05-24 T18:00,9258,0.0,0.0,0.0
69,2017-05-24 T18:30,9258,0.0,0.0,0.0
70,2017-05-24 T19:00,9258,0.0,0.0,0.0
71,2017-05-24 T19:30,9258,0.0,0.0,0.0
72,2017-05-24 T20:00,9258,0.0,0.0,0.0
73,2017-05-24 T20:30,9258,0.0,0.0,0.0
74,2017-05-24 T21:00,9258,0.0,0.0,0.0
75,2017-05-24 T21:30,9258,0.0,0.0,0.0
76,2017-05-24 T22:00,9258,0.0,0.0,0.0
77,2017-05-24 T22:30,9258,0.0,0.0,0.0
78,2017-05-24 T23:00,9258,0.0,0.0,0.0
79,2017-05-24 T23:30,9258,0.0,0.0,0.0
80,2017-05-25 T00:00,9258,0.0,0.0,0.0
81,2017-05-25 T00:30,9258,0.0,0.0,0.0
82,2017-05-25 T01:00,9258,0.0,0.0,0.0
83,2017-05-25 T01:30,9258,0.0,0.0,0.0
84,2017-05-25 T02:00,9258,0.0,0.0,0.0
85,2017-05-25 T02:30,9258,0.0,0.0,0.0
86,2017-05-25 T03:00,9258,0.0,0.0,0.0
87,2017-05-25 T03:30,9258,0.0,0.0,0.0
88,2017-05-25 T04:00,9258,0.0,0.0,0.0
89,2017-05-25 T04:30,9258,0.0,0.0,0.0
90,2017-05-25 T05:00,9258,0.0,0.0,0.0
91,2017-05-25 T05:30,9258,0.0,0.0,0.0
92,2017-05-25 T06:00,9258,0.0,0.0,0.0
93,2017-05-25 T06:30,9258,0.0,0.0,0.0
94,2017-05-25 T07:00,9258,0.0,0.0,0.0
95,2017-05-25 T07:30,9258,0.0,0.0,0.0
96,2017-05-25 T08:00,9259,1.0,0.0,1.0
97,2017-05-25 T08:30,9262,3.0,0.0,3.0
98,2017-05-25 T09:00,9266,4.0,0.0,4.0
99,2017-05-25 T09:30,9271,5.0,0.0,5.0
100,2017-05-25 T10:00,9279,8.0,0.0,8.0
101,2017-05-25 T10:30,9286,7.0,0.0,7.0
102,2017-05-25 T11:00,9297,11.0,0.0,11.0
103,2017-05-25 T11:30,9305,8.0,0.0,8.0
104,2017-05-25 T12:00,9317,12.0,0.0,12.0
105,2017-05-25 T12:30,9324,7.0,0.0,7.0
106,2017-05-25 T13:00,9334,10.0,0.0,10.0
107,2017-05-25 T13:30,9342,8.0,0.0,8.0
108,2017-05-25 T14:00,9352,10.0,0.0,10.0
109,2017-05-25 T14:30,9359,7.0,0.0,7.0
110,2017-05-25 T15:00,9365,6.0,0.0,6.0
111,2017-05-25 T15:30,9370,5.0,0.0,5.0
112,2017-05-25 T16:00,9375,5.0,0.0,5.0
113,2017-05-25 T16:30,9377,2.0,0.0,2.0
114,2017-05-25 T17:00,9378,1.0,0.0,1.0
115,2017-05-25 T17:30,9378,0.0,0.0,0.0
116,2017-05-25 T18:00,9378,0.0,0.0,0.0
117,2017-05-25 T18:30,9378,0.0,0.0,0.0
118,2017-05-25 T19:00,9378,0.0,0.0,0.0
119,2017-05-25 T19:30,9378,0.0,0.0,0.0
120,2017-05-25 T20:00,9378,0.0,0.0,0.0
121,2017-05-25 T20:30,9378,0.0,0.0,0.0
122,2017-05-25 T21:00,9378,0.0,0.0,0.0
123,2017-05-25 T21:30,9378,0.0,0.0,0.0
124,2017-05-25 T22:00,9378,0.0,0.0,0.0
125,2017-05-25 T22:30,9378,0.0,0.0,0.0
126,2017-05-25 T23:00,9378,0.0,0.0,0.0
127,2017-05-25 T23:30,9378,0.0,0.0,0.0
128,2017-05-26 T00:00,9378,0.0,0.0,0.0
129,2017-05-26 T00:30,9378,0.0,0.0,0.0
130,2017-05-26 T01:00,9378,0.0,0.0,0.0
131,2017-05-26 T01:30,9378,0.0,0.0,0.0
132,2017-05-26 T02:00,9378,0.0,0.0,0.0
133,2017-05-26 T02:30,9378,0.0,0.0,0.0
134,2017-05-26 T03:00,9378,0.0,0.0,0.0
135,2017-05-26 T03:30,9378,0.0,0.0,0.0
136,2017-05-26 T04:00,9378,0.0,0.0,0.0
137,2017-05-26 T04:30,9378,0.0,0.0,0.0
138,2017-05-26 T05:00,9378,0.0,0.0,0.0
139,2017-05-26 T05:30,9378,0.0,0.0,0.0
140,2017-05-26 T06:00,9378,0.0,0.0,0.0
141,2017-05-26 T06:30,9378,0.0,0.0,0.0
142,2017-05-26 T07:00,9378,0.0,0.0,0.0
143,2017-05-26 T07:30,9379,1.0,0.0,1.0
144,2017-05-26 T08:00,9380,1.0,0.0,1.0
145,2017-05-26 T08:30,9381,1.0,0.0,1.0
146,2017-05-26 T09:00,9386,5.0,0.0,5.0
147,2017-05-26 T09:30,9390,4.0,0.0,4.0
148,2017-05-26 T10:00,9398,8.0,0.0,8.0
149,2017-05-26 T10:30,9404,6.0,0.0,6.0
150,2017-05-26 T11:00,9415,11.0,0.0,11.0
151,2017-05-26 T11:30,9423,8.0,0.0,8.0
152,2017-05-26 T12:00,9431,8.0,0.0,8.0
153,2017-05-26 T12:30,9438,7.0,0.0,7.0
154,2017-05-26 T13:00,9449,11.0,0.0,11.0
155,2017-05-26 T13:30,9454,5.0,0.0,5.0
156,2017-05-26 T14:00,9459,5.0,0.0,5.0
157,2017-05-26 T14:30,9465,6.0,0.0,6.0
158,2017-05-26 T15:00,9473,8.0,0.0,8.0
159,2017-05-26 T15:30,9475,2.0,0.0,2.0
160,2017-05-26 T16:00,9478,3.0,0.0,3.0
161,2017-05-26 T16:30,9480,2.0,0.0,2.0
162,2017-05-26 T17:00,9481,1.0,0.0,1.0
163,2017-05-26 T17:30,9481,0.0,0.0,0.0
164,2017-05-26 T18:00,9481,0.0,0.0,0.0
165,2017-05-26 T18:30,9481,0.0,0.0,0.0
166,2017-05-26 T19:00,9481,0.0,0.0,0.0
167,2017-05-26 T19:30,9481,0.0,0.0,0.0
168,2017-05-26 T20:00,9481,0.0,0.0,0.0
169,2017-05-26 T20:30,9481,0.0,0.0,0.0
170,2017-05-26 T21:00,9481,0.0,0.0,0.0
171,2017-05-26 T21:30,9481,0.0,0.0,0.0
172,2017-05-26 T22:00,9481,0.0,0.0,0.0
173,2017-05-26 T22:30,9481,0.0,0.0,0.0
174,2017-05-26 T23:00,9481,0.0,0.0,0.0
175,2017-05-26 T23:30,9481,0.0,0.0,0.0
176,2017-05-27 T00:00,9481,0.0,0.0,0.0
177,2017-05-27 T00:30,9481,0.0,0.0,0.0
178,2017-05-27 T01:00,9481,0.0,0.0,0.0
179,2017-05-27 T01:30,9481,0.0,0.0,0.0
180,2017-05-27 T02:00,9481,0.0,0.0,0.0
181,2017-05-27 T02:30,9481,0.0,0.0,0.0
182,2017-05-27 T03:00,9481,0.0,0.0,0.0
183,2017-05-27 T03:30,9481,0.0,0.0,0.0
184,2017-05-27 T04:00,9481,0.0,0.0,0.0
185,2017-05-27 T04:30,9481,0.0,0.0,0.0
186,2017-05-27 T05:00,9481,0.0,0.0,0.0
187,2017-05-27 T05:30,9481,0.0,0.0,0.0
188,2017-05-27 T06:00,9481,0.0,0.0,0.0
189,2017-05-27 T06:30,9481,0.0,0.0,0.0
190,2017-05-27 T07:00,9481,0.0,0.0,0.0
191,2017-05-27 T07:30,9481,0.0,0.0,0.0
192,2017-05-27 T08:00,9482,1.0,0.0,1.0
193,2017-05-27 T08:30,9484,2.0,0.0,2.0
194,2017-05-27 T09:00,9489,5.0,0.0,5.0
195,2017-05-27 T09:30,9494,5.0,0.736,4.264
196,2017-05-27 T10:00,9503,9.0,2.464,6.536
197,2017-05-27 T10:30,9510,7.0,2.704,4.295999999999999
198,2017-05-27 T11:00,9521,11.0,4.016,6.984
199,2017-05-27 T11:30,9530,9.0,1.872,7.128
200,2017-05-27 T12:00,9537,7.0,1.264,5.736
201,2017-05-27 T12:30,9541,4.0,3.52,0.48
202,2017-05-27 T13:00,9552,11.0,4.416,6.584
203,2017-05-27 T13:30,9561,9.0,3.04,5.96
204,2017-05-27 T14:00,9571,10.0,2.896,7.104
205,2017-05-27 T14:30,9579,8.0,1.088,6.912
206,2017-05-27 T15:00,9587,8.0,0.208,7.792
207,2017-05-27 T15:30,9592,5.0,0.0,5.0
208,2017-05-27 T16:00,9597,5.0,0.0,5.0
209,2017-05-27 T16:30,9598,1.0,0.0,1.0
210,2017-05-27 T17:00,9600,2.0,0.0,2.0
211,2017-05-27 T17:30,9600,0.0,0.0,0.0
212,2017-05-27 T18:00,9600,0.0,0.0,0.0
213,2017-05-27 T18:30,9600,0.0,0.0,0.0
214,2017-05-27 T20:00,9600,0.0,0.0,0.0
215,2017-05-27 T20:30,9600,0.0,0.0,0.0
216,2017-05-27 T21:00,9600,0.0,0.0,0.0
217,2017-05-27 T21:30,9600,0.0,0.0,0.0
218,2017-05-27 T22:00,9600,0.0,0.0,0.0
219,2017-05-27 T22:30,9600,0.0,0.0,0.0
220,2017-05-27 T23:00,9600,0.0,0.0,0.0
221,2017-05-27 T23:30,9600,0.0,0.0,0.0
222,2017-05-28 T00:00,9600,0.0,0.0,0.0
223,2017-05-28 T00:30,9600,0.0,0.0,0.0
224,2017-05-28 T01:00,9600,0.0,0.0,0.0
225,2017-05-28 T01:30,9600,0.0,0.0,0.0
226,2017-05-28 T02:00,9600,0.0,0.0,0.0
227,2017-05-28 T02:30,9600,0.0,0.0,0.0
228,2017-05-28 T03:00,9600,0.0,0.0,0.0
229,2017-05-28 T03:30,9600,0.0,0.0,0.0
230,2017-05-28 T04:00,9600,0.0,0.0,0.0
231,2017-05-28 T04:30,9600,0.0,0.0,0.0
232,2017-05-28 T05:00,9600,0.0,0.0,0.0
233,2017-05-28 T05:30,9600,0.0,0.0,0.0
234,2017-05-28 T06:00,9600,0.0,0.0,0.0
235,2017-05-28 T06:30,9600,0.0,0.0,0.0
236,2017-05-28 T07:00,9600,0.0,0.0,0.0
237,2017-05-28 T07:30,9600,0.0,0.0,0.0
238,2017-05-28 T08:00,9601,1.0,0.0,1.0
239,2017-05-28 T08:30,9603,2.0,0.0,2.0
240,2017-05-28 T09:00,9608,5.0,0.0,5.0
241,2017-05-28 T09:30,9612,4.0,0.656,3.344
242,2017-05-28 T10:00,9621,9.0,1.664,7.336
243,2017-05-28 T10:30,9628,7.0,3.168,3.832
244,2017-05-28 T11:00,9639,11.0,3.52,7.48
245,2017-05-28 T11:30,9648,9.0,4.192,4.808
246,2017-05-28 T12:00,9660,12.0,4.576,7.424
247,2017-05-28 T12:30,9669,9.0,4.496,4.504
248,2017-05-28 T13:00,9679,10.0,3.088,6.912
249,2017-05-28 T13:30,9687,8.0,3.68,4.32
250,2017-05-28 T14:00,9697,10.0,1.104,8.896
251,2017-05-28 T14:30,9702,5.0,0.0,5.0
252,2017-05-28 T15:00,9709,7.0,0.0,7.0
253,2017-05-28 T15:30,9713,4.0,0.0,4.0
254,2017-05-28 T16:00,9717,4.0,0.0,4.0
255,2017-05-28 T16:30,9720,3.0,0.0,3.0
256,2017-05-28 T17:00,9721,1.0,0.0,1.0
257,2017-05-28 T17:30,9721,0.0,0.0,0.0
258,2017-05-28 T18:00,9721,0.0,0.0,0.0
259,2017-05-28 T18:30,9721,0.0,0.0,0.0
260,2017-05-28 T19:00,9721,0.0,0.0,0.0
261,2017-05-28 T19:30,9721,0.0,0.0,0.0
262,2017-05-28 T20:00,9721,0.0,0.0,0.0
263,2017-05-28 T20:30,9721,0.0,0.0,0.0
264,2017-05-28 T21:00,9721,0.0,0.0,0.0
265,2017-05-28 T21:30,9721,0.0,0.0,0.0
266,2017-05-28 T22:00,9721,0.0,0.0,0.0
267,2017-05-28 T22:30,9721,0.0,0.0,0.0
268,2017-05-28 T23:00,9721,0.0,0.0,0.0
269,2017-05-28 T23:30,9721,0.0,0.0,0.0
270,2017-05-29 T00:00,9721,0.0,0.0,0.0
271,2017-05-29 T00:30,9721,0.0,0.0,0.0
272,2017-05-29 T01:00,9721,0.0,0.0,0.0
273,2017-05-29 T01:30,9721,0.0,0.0,0.0
274,2017-05-29 T02:00,9721,0.0,0.0,0.0
275,2017-05-29 T02:30,9721,0.0,0.0,0.0
276,2017-05-29 T03:00,9721,0.0,0.0,0.0
277,2017-05-29 T03:30,9721,0.0,0.0,0.0
278,2017-05-29 T04:00,9721,0.0,0.0,0.0
279,2017-05-29 T04:30,9721,0.0,0.0,0.0
280,2017-05-29 T05:00,9721,0.0,0.0,0.0
281,2017-05-29 T05:30,9721,0.0,0.0,0.0
282,2017-05-29 T06:00,9721,0.0,0.0,0.0
283,2017-05-29 T06:30,9721,0.0,0.0,0.0
284,2017-05-29 T07:00,9721,0.0,0.0,0.0
285,2017-05-29 T07:30,9721,0.0,0.0,0.0
286,2017-05-29 T08:00,9722,1.0,0.0,1.0
287,2017-05-29 T08:30,9723,1.0,0.0,1.0
288,2017-05-29 T09:00,9728,5.0,0.0,5.0
289,2017-05-29 T09:30,9732,4.0,0.0,4.0
290,2017-05-29 T10:00,9741,9.0,0.0,9.0
291,2017-05-29 T10:30,9748,7.0,0.0,7.0
292,2017-05-29 T11:00,9759,11.0,0.0,11.0
293,2017-05-29 T11:30,9767,8.0,0.0,8.0
294,2017-05-29 T12:00,9779,12.0,0.0,12.0
295,2017-05-29 T12:30,9788,9.0,0.0,9.0
296,2017-05-29 T13:00,9800,12.0,0.0,12.0
297,2017-05-29 T13:30,9808,8.0,0.0,8.0
298,2017-05-29 T14:00,9819,11.0,0.0,11.0
299,2017-05-29 T14:30,9826,7.0,0.0,7.0
300,2017-05-29 T15:00,9834,8.0,0.0,8.0
301,2017-05-29 T15:30,9839,5.0,0.0,5.0
302,2017-05-29 T16:00,9844,5.0,0.0,5.0
303,2017-05-29 T16:30,9846,2.0,0.0,2.0
304,2017-05-29 T17:00,9847,1.0,0.0,1.0
305,2017-05-29 T17:30,9847,0.0,0.0,0.0
306,2017-05-29 T18:00,9847,0.0,0.0,0.0
307,2017-05-29 T18:30,9847,0.0,0.0,0.0
308,2017-05-29 T19:00,9847,0.0,0.0,0.0
309,2017-05-29 T19:30,9847,0.0,0.0,0.0
310,2017-05-29 T20:00,9847,0.0,0.0,0.0
311,2017-05-29 T20:30,9847,0.0,0.0,0.0
312,2017-05-29 T21:00,9847,0.0,0.0,0.0
313,2017-05-29 T21:30,9847,0.0,0.0,0.0
314,2017-05-29 T22:00,9847,0.0,0.0,0.0
315,2017-05-29 T22:30,9847,0.0,0.0,0.0
316,2017-05-29 T23:00,9847,0.0,0.0,0.0
317,2017-05-29 T23:30,9847,0.0,0.0,0.0
318,2017-05-30 T00:00,9847,0.0,0.0,0.0
319,2017-05-30 T00:30,9847,0.0,0.0,0.0
320,2017-05-30 T01:00,9847,0.0,0.0,0.0
321,2017-05-30 T01:30,9847,0.0,0.0,0.0
322,2017-05-30 T02:00,9847,0.0,0.0,0.0
323,2017-05-30 T02:30,9847,0.0,0.0,0.0
324,2017-05-30 T03:00,9847,0.0,0.0,0.0
325,2017-05-30 T03:30,9847,0.0,0.0,0.0
326,2017-05-30 T04:00,9847,0.0,0.0,0.0
327,2017-05-30 T04:30,9847,0.0,0.0,0.0
328,2017-05-30 T05:00,9847,0.0,0.0,0.0
329,2017-05-30 T05:30,9847,0.0,0.0,0.0
330,2017-05-30 T06:00,9847,0.0,0.0,0.0
331,2017-05-30 T06:30,9847,0.0,0.0,0.0
332,2017-05-30 T07:00,9847,0.0,0.0,0.0
333,2017-05-30 T07:30,9847,0.0,0.0,0.0
334,2017-05-30 T08:00,9848,1.0,0.0,1.0
335,2017-05-30 T08:30,9850,2.0,0.0,2.0
336,2017-05-30 T09:00,9854,4.0,0.0,4.0
337,2017-05-30 T09:30,9859,5.0,0.0,5.0
338,2017-05-30 T10:00,9867,8.0,0.0,8.0
339,2017-05-30 T10:30,9874,7.0,0.0,7.0
340,2017-05-30 T11:00,9885,11.0,0.0,11.0
341,2017-05-30 T11:30,9893,8.0,0.0,8.0
342,2017-05-30 T12:00,9905,12.0,0.0,12.0
343,2017-05-30 T12:30,9913,8.0,0.0,8.0
344,2017-05-30 T13:00,9922,9.0,0.0,9.0
345,2017-05-30 T13:30,9929,7.0,0.0,7.0
346,2017-05-30 T14:00,9941,12.0,0.0,12.0
347,2017-05-30 T14:30,9946,5.0,0.0,5.0
348,2017-05-30 T15:00,9952,6.0,0.0,6.0
349,2017-05-30 T15:30,9956,4.0,0.0,4.0
350,2017-05-30 T16:00,9959,3.0,0.0,3.0
351,2017-05-30 T16:30,9961,2.0,0.0,2.0
352,2017-05-30 T17:00,9961,0.0,0.0,0.0
353,2017-05-30 T17:30,9961,0.0,0.0,0.0
354,2017-05-30 T18:00,9962,1.0,0.0,1.0
355,2017-05-30 T18:30,9962,0.0,0.0,0.0
356,2017-05-30 T19:00,9962,0.0,0.0,0.0
357,2017-05-30 T19:30,9962,0.0,0.0,0.0
358,2017-05-30 T20:00,9962,0.0,0.0,0.0
359,2017-05-30 T20:30,9962,0.0,0.0,0.0
360,2017-05-30 T21:00,9962,0.0,0.0,0.0
361,2017-05-30 T21:30,9962,0.0,0.0,0.0
362,2017-05-30 T22:00,9962,0.0,0.0,0.0
363,2017-05-30 T22:30,9962,0.0,0.0,0.0
364,2017-05-30 T23:00,9962,0.0,0.0,0.0
365,2017-05-30 T23:30,9962,0.0,0.0,0.0
366,2017-05-31 T00:00,9962,0.0,0.0,0.0
367,2017-05-31 T00:30,9962,0.0,0.0,0.0
368,2017-05-31 T01:00,9962,0.0,0.0,0.0
369,2017-05-31 T01:30,9962,0.0,0.0,0.0
370,2017-05-31 T02:00,9962,0.0,0.0,0.0
371,2017-05-31 T02:30,9962,0.0,0.0,0.0
372,2017-05-31 T03:00,9962,0.0,0.0,0.0
373,2017-05-31 T03:30,9962,0.0,0.0,0.0
374,2017-05-31 T04:00,9962,0.0,0.0,0.0
375,2017-05-31 T04:30,9962,0.0,0.0,0.0
376,2017-05-31 T05:00,9962,0.0,0.0,0.0
377,2017-05-31 T05:30,9962,0.0,0.0,0.0
378,2017-05-31 T06:00,9962,0.0,0.0,0.0
379,2017-05-31 T06:30,9962,0.0,0.0,0.0
380,2017-05-31 T07:00,9962,0.0,0.0,0.0
381,2017-05-31 T07:30,9962,0.0,0.0,0.0
382,2017-05-31 T08:00,9963,1.0,0.0,1.0
383,2017-05-31 T08:30,9964,1.0,0.0,1.0
384,2017-05-31 T09:00,9967,3.0,0.0,3.0
385,2017-05-31 T09:30,9971,4.0,0.0,4.0
386,2017-05-31 T10:00,9977,6.0,0.0,6.0
387,2017-05-31 T10:30,9983,6.0,0.0,6.0
388,2017-05-31 T11:00,9993,10.0,0.0,10.0
389,2017-05-31 T11:30,10001,8.0,0.0,8.0
390,2017-05-31 T12:00,10013,12.0,0.0,12.0
391,2017-05-31 T12:30,10021,8.0,0.0,8.0
392,2017-05-31 T13:00,10032,11.0,0.0,11.0
393,2017-05-31 T13:30,10040,8.0,0.0,8.0
394,2017-05-31 T14:00,10050,10.0,0.0,10.0
395,2017-05-31 T14:30,10057,7.0,0.0,7.0
396,2017-05-31 T15:00,10065,8.0,0.0,8.0
397,2017-05-31 T15:30,10069,4.0,0.0,4.0
398,2017-05-31 T16:00,10074,5.0,0.0,5.0
399,2017-05-31 T16:30,10076,2.0,0.0,2.0
400,2017-05-31 T17:00,10077,1.0,0.0,1.0
401,2017-05-31 T17:30,10077,0.0,0.0,0.0
402,2017-05-31 T18:00,10077,0.0,0.0,0.0
403,2017-05-31 T18:30,10077,0.0,0.0,0.0
404,2017-05-31 T19:00,10077,0.0,0.0,0.0
405,2017-05-31 T19:30,10077,0.0,0.0,0.0
406,2017-05-31 T20:00,10077,0.0,0.0,0.0
407,2017-05-31 T20:30,10077,0.0,0.0,0.0
408,2017-05-31 T21:00,10077,0.0,0.0,0.0
409,2017-05-31 T21:30,10077,0.0,0.0,0.0
410,2017-05-31 T22:00,10077,0.0,0.0,0.0
411,2017-05-31 T22:30,10077,0.0,0.0,0.0
412,2017-05-31 T23:00,10077,0.0,0.0,0.0
413,2017-05-31 T23:30,10077,0.0,0.0,0.0
414,2017-06-01 T00:00,10077,0.0,0.0,0.0
415,2017-06-01 T00:30,10077,0.0,0.0,0.0
416,2017-06-01 T01:00,10077,0.0,0.0,0.0
417,2017-06-01 T01:30,10077,0.0,0.0,0.0
418,2017-06-01 T02:00,10077,0.0,0.0,0.0
419,2017-06-01 T02:30,10077,0.0,0.0,0.0
420,2017-06-01 T03:00,10077,0.0,0.0,0.0
421,2017-06-01 T03:30,10077,0.0,0.0,0.0
422,2017-06-01 T04:00,10077,0.0,0.0,0.0
423,2017-06-01 T04:30,10077,0.0,0.0,0.0
424,2017-06-01 T05:00,10077,0.0,0.0,0.0
425,2017-06-01 T05:30,10077,0.0,0.0,0.0
426,2017-06-01 T06:00,10077,0.0,0.0,0.0
427,2017-06-01 T06:30,10077,0.0,0.0,0.0
428,2017-06-01 T07:00,10077,0.0,0.0,0.0
429,2017-06-01 T07:30,10077,0.0,0.0,0.0
430,2017-06-01 T08:00,10078,1.0,0.0,1.0
431,2017-06-01 T08:30,10079,1.0,0.0,1.0
432,2017-06-01 T09:00,10082,3.0,0.0,3.0
433,2017-06-01 T09:30,10085,3.0,0.0,3.0
434,2017-06-01 T10:00,10092,7.0,0.0,7.0
435,2017-06-01 T10:30,10098,6.0,0.0,6.0
436,2017-06-01 T11:00,10106,8.0,0.0,8.0
437,2017-06-01 T11:30,10114,8.0,0.0,8.0
438,2017-06-01 T12:00,10125,11.0,0.0,11.0
439,2017-06-01 T12:30,10133,8.0,0.0,8.0
440,2017-06-01 T13:00,10144,11.0,0.0,11.0
441,2017-06-01 T13:30,10152,8.0,0.0,8.0
442,2017-06-01 T14:00,10163,11.0,0.0,11.0
443,2017-06-01 T14:30,10169,6.0,0.0,6.0
444,2017-06-01 T15:00,10176,7.0,0.0,7.0
445,2017-06-01 T15:30,10180,4.0,0.0,4.0
446,2017-06-01 T16:00,10185,5.0,0.0,5.0
447,2017-06-01 T16:30,10187,2.0,0.0,2.0
448,2017-06-01 T17:00,10188,1.0,0.0,1.0
449,2017-06-01 T17:30,10188,0.0,0.0,0.0
450,2017-06-01 T18:00,10188,0.0,0.0,0.0
451,2017-06-01 T18:30,10188,0.0,0.0,0.0
452,2017-06-01 T19:00,10188,0.0,0.0,0.0
453,2017-06-01 T19:30,10188,0.0,0.0,0.0
454,2017-06-01 T20:00,10188,0.0,0.0,0.0
455,2017-06-01 T20:30,10188,0.0,0.0,0.0
456,2017-06-01 T21:00,10188,0.0,0.0,0.0
457,2017-06-01 T21:30,10188,0.0,0.0,0.0
458,2017-06-01 T22:00,10188,0.0,0.0,0.0
459,2017-06-01 T22:30,10188,0.0,0.0,0.0
460,2017-06-01 T23:00,10188,0.0,0.0,0.0
461,2017-06-01 T23:30,10188,0.0,0.0,0.0
462,2017-06-02 T00:00,10188,0.0,0.0,0.0
463,2017-06-02 T00:30,10188,0.0,0.0,0.0
464,2017-06-02 T01:00,10188,0.0,0.0,0.0
465,2017-06-02 T01:30,10188,0.0,0.0,0.0
466,2017-06-02 T02:00,10188,0.0,0.0,0.0
467,2017-06-02 T02:30,10188,0.0,0.0,0.0
468,2017-06-02 T03:00,10188,0.0,0.0,0.0
469,2017-06-02 T03:30,10188,0.0,0.0,0.0
470,2017-06-02 T04:00,10188,0.0,0.0,0.0
471,2017-06-02 T04:30,10188,0.0,0.0,0.0
472,2017-06-02 T05:00,10188,0.0,0.0,0.0
473,2017-06-02 T05:30,10188,0.0,0.0,0.0
474,2017-06-02 T06:00,10188,0.0,0.0,0.0
475,2017-06-02 T06:30,10188,0.0,0.0,0.0
476,2017-06-02 T08:00,10189,1.0,0.0,1.0
477,2017-06-02 T08:30,10190,1.0,0.0,1.0
478,2017-06-02 T09:00,10195,5.0,0.0,5.0
479,2017-06-02 T09:30,10199,4.0,0.0,4.0
480,2017-06-02 T10:00,10207,8.0,0.0,8.0
481,2017-06-02 T10:30,10213,6.0,0.0,6.0
482,2017-06-02 T11:00,10224,11.0,0.0,11.0
483,2017-06-02 T11:30,10230,6.0,0.0,6.0
484,2017-06-02 T12:00,10240,10.0,0.0,10.0
485,2017-06-02 T12:30,10244,4.0,0.0,4.0
486,2017-06-02 T14:00,10262,18.0,0.0,18.0
487,2017-06-02 T14:30,10266,4.0,0.0,4.0
488,2017-06-02 T15:00,10275,9.0,0.0,9.0
489,2017-06-02 T15:30,10279,4.0,0.0,4.0
490,2017-06-02 T16:00,10285,6.0,0.0,6.0
491,2017-06-02 T16:30,10287,2.0,0.0,2.0
492,2017-06-02 T17:00,10288,1.0,0.0,1.0
493,2017-06-02 T17:30,10288,0.0,0.0,0.0
494,2017-06-02 T18:00,10288,0.0,0.0,0.0
495,2017-06-02 T18:30,10288,0.0,0.0,0.0
496,2017-06-02 T20:00,10288,0.0,0.0,0.0
497,2017-06-02 T20:30,10288,0.0,0.0,0.0
498,2017-06-02 T21:00,10288,0.0,0.0,0.0
499,2017-06-02 T21:30,10288,0.0,0.0,0.0
500,2017-06-02 T22:00,10288,0.0,0.0,0.0
501,2017-06-02 T22:30,10288,0.0,0.0,0.0
502,2017-06-02 T23:00,10288,0.0,0.0,0.0
503,2017-06-02 T23:30,10288,0.0,0.0,0.0
504,2017-06-03 T00:00,10288,0.0,0.0,0.0
505,2017-06-03 T00:30,10288,0.0,0.0,0.0
506,2017-06-03 T01:00,10288,0.0,0.0,0.0
507,2017-06-03 T01:30,10288,0.0,0.0,0.0
508,2017-06-03 T02:00,10288,0.0,0.0,0.0
509,2017-06-03 T02:30,10288,0.0,0.0,0.0
510,2017-06-03 T03:00,10288,0.0,0.0,0.0
511,2017-06-03 T03:30,10288,0.0,0.0,0.0
512,2017-06-03 T04:00,10288,0.0,0.0,0.0
513,2017-06-03 T04:30,10288,0.0,0.0,0.0
514,2017-06-03 T05:00,10288,0.0,0.0,0.0
515,2017-06-03 T05:30,10288,0.0,0.0,0.0
516,2017-06-03 T06:00,10288,0.0,0.0,0.0
517,2017-06-03 T06:30,10288,0.0,0.0,0.0
518,2017-06-03 T07:00,10288,0.0,0.0,0.0
519,2017-06-03 T07:30,10288,0.0,0.0,0.0
520,2017-06-03 T08:00,10289,1.0,0.0,1.0
521,2017-06-03 T08:30,10291,2.0,0.192,1.808
522,2017-06-03 T09:00,10295,4.0,1.632,2.3680000000000003
523,2017-06-03 T09:30,10300,5.0,3.632,1.3679999999999999
524,2017-06-03 T10:00,10309,9.0,5.632,3.3680000000000003
525,2017-06-03 T10:30,10317,8.0,3.392,4.6080000000000005
526,2017-06-03 T11:00,10325,8.0,0.864,7.136
527,2017-06-03 T11:30,10329,4.0,0.016,3.984
528,2017-06-03 T12:00,10332,3.0,0.0,3.0
529,2017-06-03 T12:30,10334,2.0,4.96,-2.96
530,2017-06-03 T13:00,10344,10.0,6.08,3.92
531,2017-06-03 T13:30,10352,8.0,4.896,3.104
532,2017-06-03 T14:00,10363,11.0,4.192,6.808
533,2017-06-03 T14:30,10369,6.0,3.232,2.768
534,2017-06-03 T15:00,10377,8.0,2.288,5.712
535,2017-06-03 T15:30,10382,5.0,0.0,5.0
536,2017-06-03 T16:00,10384,2.0,0.0,2.0
537,2017-06-03 T16:30,10385,1.0,0.0,1.0
538,2017-06-03 T17:00,10386,1.0,0.0,1.0
539,2017-06-03 T17:30,10387,1.0,0.0,1.0
540,2017-06-03 T18:00,10387,0.0,0.0,0.0
541,2017-06-03 T18:30,10387,0.0,0.0,0.0
542,2017-06-03 T19:00,10387,0.0,0.0,0.0
543,2017-06-03 T19:30,10387,0.0,0.0,0.0
544,2017-06-03 T20:00,10387,0.0,0.0,0.0
545,2017-06-03 T20:30,10387,0.0,0.0,0.0
546,2017-06-03 T21:00,10387,0.0,0.0,0.0
547,2017-06-03 T21:30,10387,0.0,0.0,0.0
548,2017-06-03 T22:00,10387,0.0,0.0,0.0
549,2017-06-03 T22:30,10387,0.0,0.0,0.0
550,2017-06-03 T23:00,10387,0.0,0.0,0.0
551,2017-06-03 T23:30,10387,0.0,0.0,0.0
552,2017-06-04 T00:00,10387,0.0,0.0,0.0
553,2017-06-04 T00:30,10387,0.0,0.0,0.0
554,2017-06-04 T02:00,10387,0.0,0.0,0.0
555,2017-06-04 T02:30,10387,0.0,0.0,0.0
556,2017-06-04 T03:00,10387,0.0,0.0,0.0
557,2017-06-04 T03:30,10387,0.0,0.0,0.0
558,2017-06-04 T04:00,10387,0.0,0.0,0.0
559,2017-06-04 T04:30,10387,0.0,0.0,0.0
560,2017-06-04 T05:00,10387,0.0,0.0,0.0
561,2017-06-04 T05:30,10387,0.0,0.0,0.0
562,2017-06-04 T06:00,10387,0.0,0.0,0.0
563,2017-06-04 T06:30,10387,0.0,0.0,0.0
564,2017-06-04 T07:00,10387,0.0,0.0,0.0
565,2017-06-04 T07:30,10387,0.0,0.0,0.0
566,2017-06-04 T08:00,10387,0.0,0.0,0.0
567,2017-06-04 T08:30,10389,2.0,0.032,1.968
568,2017-06-04 T09:00,10393,4.0,0.256,3.7439999999999998
569,2017-06-04 T10:30,10412,19.0,0.0,19.0
570,2017-06-04 T11:00,10422,10.0,0.032,9.968
571,2017-06-04 T11:30,10429,7.0,0.4,6.6
572,2017-06-04 T12:00,10441,12.0,0.544,11.456
573,2017-06-04 T12:30,10449,8.0,0.464,7.536
574,2017-06-04 T13:00,10460,11.0,0.064,10.936
575,2017-06-04 T13:30,10467,7.0,0.0,7.0
576,2017-06-04 T14:00,10476,9.0,0.0,9.0
577,2017-06-04 T14:30,10483,7.0,0.0,7.0
578,2017-06-04 T15:00,10491,8.0,0.0,8.0
579,2017-06-04 T15:30,10495,4.0,0.0,4.0
580,2017-06-04 T16:00,10500,5.0,0.0,5.0
581,2017-06-04 T16:30,10502,2.0,0.0,2.0
582,2017-06-04 T17:00,10503,1.0,0.0,1.0
583,2017-06-04 T17:30,10503,0.0,0.0,0.0
584,2017-06-04 T18:00,10503,0.0,0.0,0.0
585,2017-06-04 T18:30,10503,0.0,0.0,0.0
586,2017-06-04 T19:00,10503,0.0,0.0,0.0
587,2017-06-04 T19:30,10503,0.0,0.0,0.0
588,2017-06-04 T20:00,10503,0.0,0.0,0.0
589,2017-06-04 T20:30,10503,0.0,0.0,0.0
590,2017-06-04 T21:00,10503,0.0,0.0,0.0
591,2017-06-04 T21:30,10503,0.0,0.0,0.0
592,2017-06-04 T22:00,10503,0.0,0.0,0.0
593,2017-06-04 T22:30,10503,0.0,0.0,0.0
594,2017-06-04 T23:00,10503,0.0,0.0,0.0
595,2017-06-04 T23:30,10503,0.0,0.0,0.0
596,2017-06-05 T00:00,10503,0.0,0.0,0.0
597,2017-06-05 T00:30,10503,0.0,0.0,0.0
598,2017-06-05 T01:00,10503,0.0,0.0,0.0
599,2017-06-05 T01:30,10503,0.0,0.0,0.0
600,2017-06-05 T02:00,10503,0.0,0.0,0.0
601,2017-06-05 T02:30,10503,0.0,0.0,0.0
602,2017-06-05 T03:00,10503,0.0,0.0,0.0
603,2017-06-05 T03:30,10503,0.0,0.0,0.0
604,2017-06-05 T04:00,10503,0.0,0.0,0.0
605,2017-06-05 T04:30,10503,0.0,0.0,0.0
606,2017-06-05 T05:00,10503,0.0,0.0,0.0
607,2017-06-05 T05:30,10503,0.0,0.0,0.0
608,2017-06-05 T06:00,10503,0.0,0.0,0.0
609,2017-06-05 T06:30,10503,0.0,0.0,0.0
610,2017-06-05 T07:00,10503,0.0,0.0,0.0
611,2017-06-05 T07:30,10503,0.0,0.0,0.0
612,2017-06-05 T08:00,10504,1.0,0.0,1.0
613,2017-06-05 T08:30,10505,1.0,0.0,1.0
614,2017-06-05 T09:00,10510,5.0,0.0,5.0
615,2017-06-05 T09:30,10514,4.0,0.0,4.0
616,2017-06-05 T10:00,10522,8.0,0.0,8.0
617,2017-06-05 T10:30,10529,7.0,0.0,7.0
618,2017-06-05 T11:00,10539,10.0,0.0,10.0
619,2017-06-05 T11:30,10547,8.0,0.0,8.0
620,2017-06-05 T12:00,10558,11.0,0.0,11.0
621,2017-06-05 T12:30,10567,9.0,0.0,9.0
622,2017-06-05 T13:00,10578,11.0,0.0,11.0
623,2017-06-05 T13:30,10584,6.0,0.0,6.0
624,2017-06-05 T14:00,10595,11.0,0.0,11.0
625,2017-06-05 T14:30,10601,6.0,0.0,6.0
626,2017-06-05 T15:00,10609,8.0,0.0,8.0
627,2017-06-05 T15:30,10614,5.0,0.0,5.0
628,2017-06-05 T16:00,10618,4.0,0.0,4.0
629,2017-06-05 T16:30,10620,2.0,0.0,2.0
630,2017-06-05 T17:00,10621,1.0,0.0,1.0
631,2017-06-05 T17:30,10621,0.0,0.0,0.0
632,2017-06-05 T18:00,10621,0.0,0.0,0.0
633,2017-06-05 T18:30,10621,0.0,0.0,0.0
634,2017-06-05 T19:00,10621,0.0,0.0,0.0
635,2017-06-05 T19:30,10621,0.0,0.0,0.0
636,2017-06-05 T20:00,10621,0.0,0.0,0.0
637,2017-06-05 T20:30,10621,0.0,0.0,0.0
638,2017-06-05 T21:00,10621,0.0,0.0,0.0
639,2017-06-05 T21:30,10621,0.0,0.0,0.0
640,2017-06-05 T22:00,10621,0.0,0.0,0.0
641,2017-06-05 T22:30,10621,0.0,0.0,0.0
642,2017-06-06 T00:00,10621,0.0,0.0,0.0
643,2017-06-06 T00:30,10621,0.0,0.0,0.0
644,2017-06-06 T01:00,10621,0.0,0.0,0.0
645,2017-06-06 T01:30,10621,0.0,0.0,0.0
646,2017-06-06 T02:00,10621,0.0,0.0,0.0
647,2017-06-06 T02:30,10621,0.0,0.0,0.0
648,2017-06-06 T03:00,10621,0.0,0.0,0.0
649,2017-06-06 T03:30,10621,0.0,0.0,0.0
650,2017-06-06 T04:00,10621,0.0,0.0,0.0
651,2017-06-06 T04:30,10621,0.0,0.0,0.0
652,2017-06-06 T05:00,10621,0.0,0.0,0.0
653,2017-06-06 T05:30,10621,0.0,0.0,0.0
654,2017-06-06 T06:00,10621,0.0,0.0,0.0
655,2017-06-06 T06:30,10621,0.0,0.0,0.0
656,2017-06-06 T07:00,10621,0.0,0.0,0.0
657,2017-06-06 T07:30,10621,0.0,0.0,0.0
658,2017-06-06 T08:00,10622,1.0,0.0,1.0
659,2017-06-06 T08:30,10623,1.0,0.0,1.0
660,2017-06-06 T09:00,10627,4.0,0.0,4.0
661,2017-06-06 T09:30,10632,5.0,0.0,5.0
662,2017-06-06 T10:00,10640,8.0,0.0,8.0
663,2017-06-06 T10:30,10646,6.0,0.0,6.0
664,2017-06-06 T11:00,10657,11.0,0.0,11.0
665,2017-06-06 T11:30,10665,8.0,0.0,8.0
666,2017-06-06 T12:00,10677,12.0,0.0,12.0
667,2017-06-06 T12:30,10685,8.0,0.0,8.0
668,2017-06-06 T13:00,10697,12.0,0.0,12.0
669,2017-06-06 T13:30,10706,9.0,0.0,9.0
670,2017-06-06 T14:00,10714,8.0,0.0,8.0
671,2017-06-06 T14:30,10720,6.0,0.0,6.0
672,2017-06-06 T15:00,10728,8.0,0.0,8.0
673,2017-06-06 T15:30,10730,2.0,0.0,2.0
674,2017-06-06 T16:00,10733,3.0,0.0,3.0
675,2017-06-06 T16:30,10734,1.0,0.0,1.0
676,2017-06-06 T17:00,10735,1.0,0.0,1.0
677,2017-06-06 T17:30,10735,0.0,0.0,0.0
678,2017-06-06 T18:00,10735,0.0,0.0,0.0
679,2017-06-06 T18:30,10735,0.0,0.0,0.0
680,2017-06-06 T19:00,10735,0.0,0.0,0.0
681,2017-06-06 T19:30,10735,0.0,0.0,0.0
682,2017-06-06 T20:00,10735,0.0,0.0,0.0
683,2017-06-06 T20:30,10735,0.0,0.0,0.0
684,2017-06-06 T21:00,10735,0.0,0.0,0.0
685,2017-06-06 T21:30,10735,0.0,0.0,0.0
686,2017-06-06 T22:00,10735,0.0,0.0,0.0
687,2017-06-06 T22:30,10735,0.0,0.0,0.0
688,2017-06-06 T23:00,10735,0.0,0.0,0.0
689,2017-06-06 T23:30,10735,0.0,0.0,0.0
690,2017-06-07 T00:00,10735,0.0,0.0,0.0
691,2017-06-07 T00:30,10735,0.0,0.0,0.0
692,2017-06-07 T01:00,10735,0.0,0.0,0.0
693,2017-06-07 T01:30,10735,0.0,0.0,0.0
694,2017-06-07 T02:00,10735,0.0,0.0,0.0
695,2017-06-07 T02:30,10735,0.0,0.0,0.0
696,2017-06-07 T03:00,10735,0.0,0.0,0.0
697,2017-06-07 T03:30,10735,0.0,0.0,0.0
698,2017-06-07 T04:00,10735,0.0,0.0,0.0
699,2017-06-07 T04:30,10735,0.0,0.0,0.0
700,2017-06-07 T05:00,10735,0.0,0.0,0.0
701,2017-06-07 T05:30,10735,0.0,0.0,0.0
702,2017-06-07 T06:00,10735,0.0,0.0,0.0
703,2017-06-07 T06:30,10735,0.0,0.0,0.0
704,2017-06-07 T07:00,10735,0.0,0.0,0.0
705,2017-06-07 T07:30,10735,0.0,0.0,0.0
706,2017-06-07 T08:00,10736,1.0,0.0,1.0
707,2017-06-07 T08:30,10738,2.0,0.0,2.0
708,2017-06-07 T09:00,10742,4.0,0.0,4.0
709,2017-06-07 T09:30,10746,4.0,0.0,4.0
710,2017-06-07 T10:00,10753,7.0,0.0,7.0
711,2017-06-07 T10:30,10759,6.0,0.0,6.0
712,2017-06-07 T11:00,10768,9.0,0.0,9.0
713,2017-06-07 T11:30,10776,8.0,0.0,8.0
714,2017-06-07 T12:00,10787,11.0,0.0,11.0
715,2017-06-07 T12:30,10796,9.0,0.0,9.0
716,2017-06-07 T13:00,10805,9.0,0.0,9.0
717,2017-06-07 T13:30,10813,8.0,0.0,8.0
718,2017-06-07 T14:00,10823,10.0,0.0,10.0
719,2017-06-07 T14:30,10830,7.0,0.0,7.0
720,2017-06-07 T15:00,10838,8.0,0.0,8.0
721,2017-06-07 T15:30,10842,4.0,0.0,4.0
722,2017-06-07 T16:00,10847,5.0,0.0,5.0
723,2017-06-07 T16:30,10849,2.0,0.0,2.0
724,2017-06-07 T17:00,10850,1.0,0.0,1.0
725,2017-06-07 T17:30,10850,0.0,0.0,0.0
726,2017-06-07 T18:00,10850,0.0,0.0,0.0
727,2017-06-07 T18:30,10850,0.0,0.0,0.0
728,2017-06-07 T20:00,10850,0.0,0.0,0.0
729,2017-06-07 T20:30,10850,0.0,0.0,0.0
730,2017-06-07 T21:00,10850,0.0,0.0,0.0
731,2017-06-07 T21:30,10850,0.0,0.0,0.0
732,2017-06-07 T22:00,10850,0.0,0.0,0.0
733,2017-06-07 T22:30,10850,0.0,0.0,0.0
734,2017-06-07 T23:00,10850,0.0,0.0,0.0
735,2017-06-07 T23:30,10850,0.0,0.0,0.0
736,2017-06-08 T00:00,10850,0.0,0.0,0.0
737,2017-06-08 T00:30,10850,0.0,0.0,0.0
738,2017-06-08 T01:00,10850,0.0,0.0,0.0
739,2017-06-08 T01:30,10850,0.0,0.0,0.0
740,2017-06-08 T02:00,10850,0.0,0.0,0.0
741,2017-06-08 T02:30,10850,0.0,0.0,0.0
742,2017-06-08 T03:00,10850,0.0,0.0,0.0
743,2017-06-08 T03:30,10850,0.0,0.0,0.0
744,2017-06-08 T04:00,10850,0.0,0.0,0.0
745,2017-06-08 T04:30,10850,0.0,0.0,0.0
746,2017-06-08 T05:00,10850,0.0,0.0,0.0
747,2017-06-08 T05:30,10850,0.0,0.0,0.0
748,2017-06-08 T06:00,10850,0.0,0.0,0.0
749,2017-06-08 T06:30,10850,0.0,0.0,0.0
750,2017-06-08 T07:00,10850,0.0,0.0,0.0
751,2017-06-08 T07:30,10850,0.0,0.0,0.0
752,2017-06-08 T08:00,10851,1.0,0.0,1.0
753,2017-06-08 T08:30,10852,1.0,0.0,1.0
754,2017-06-08 T09:00,10856,4.0,0.0,4.0
755,2017-06-08 T09:30,10861,5.0,0.0,5.0
756,2017-06-08 T10:00,10868,7.0,0.0,7.0
757,2017-06-08 T10:30,10875,7.0,0.0,7.0
758,2017-06-08 T11:00,10885,10.0,0.0,10.0
759,2017-06-08 T11:30,10893,8.0,0.0,8.0
760,2017-06-08 T12:00,10905,12.0,0.0,12.0
761,2017-06-08 T12:30,10913,8.0,0.0,8.0
762,2017-06-08 T13:00,10925,12.0,0.0,12.0
763,2017-06-08 T13:30,10933,8.0,0.0,8.0
764,2017-06-08 T14:00,10944,11.0,0.0,11.0
765,2017-06-08 T14:30,10951,7.0,0.0,7.0
766,2017-06-08 T15:00,10959,8.0,0.0,8.0
767,2017-06-08 T16:30,10970,11.0,0.0,11.0
768,2017-06-08 T17:00,10971,1.0,0.0,1.0
769,2017-06-08 T17:30,10971,0.0,0.0,0.0
770,2017-06-08 T18:00,10971,0.0,0.0,0.0
771,2017-06-08 T18:30,10971,0.0,0.0,0.0
772,2017-06-08 T19:00,10971,0.0,0.0,0.0
773,2017-06-08 T19:30,10971,0.0,0.0,0.0
774,2017-06-08 T20:00,10971,0.0,0.0,0.0
775,2017-06-08 T20:30,10971,0.0,0.0,0.0
776,2017-06-08 T22:00,10971,0.0,0.0,0.0
777,2017-06-08 T22:30,10971,0.0,0.0,0.0
778,2017-06-08 T23:00,10971,0.0,0.0,0.0
779,2017-06-08 T23:30,10971,0.0,0.0,0.0
780,2017-06-09 T00:00,10971,0.0,0.0,0.0
781,2017-06-09 T00:30,10971,0.0,0.0,0.0
782,2017-06-09 T01:00,10971,0.0,0.0,0.0
783,2017-06-09 T01:30,10971,0.0,0.0,0.0
784,2017-06-09 T02:00,10971,0.0,0.0,0.0
785,2017-06-09 T02:30,10971,0.0,0.0,0.0
786,2017-06-09 T03:00,10971,0.0,0.0,0.0
787,2017-06-09 T03:30,10971,0.0,0.0,0.0
788,2017-06-09 T04:00,10971,0.0,0.0,0.0
789,2017-06-09 T04:30,10971,0.0,0.0,0.0
790,2017-06-09 T05:00,10971,0.0,0.0,0.0
791,2017-06-09 T05:30,10971,0.0,0.0,0.0
792,2017-06-09 T06:00,10971,0.0,0.0,0.0
793,2017-06-09 T06:30,10971,0.0,0.0,0.0
794,2017-06-09 T07:00,10971,0.0,0.0,0.0
795,2017-06-09 T07:30,10971,0.0,0.0,0.0
796,2017-06-09 T08:00,10972,1.0,0.0,1.0
797,2017-06-09 T08:30,10974,2.0,0.0,2.0
798,2017-06-09 T09:00,10977,3.0,0.0,3.0
799,2017-06-09 T09:30,10982,5.0,0.0,5.0
800,2017-06-09 T10:00,10990,8.0,0.0,8.0
801,2017-06-09 T10:30,10996,6.0,0.0,6.0
802,2017-06-09 T11:00,11007,11.0,0.0,11.0
803,2017-06-09 T11:30,11016,9.0,0.0,9.0
804,2017-06-09 T12:00,11028,12.0,0.0,12.0
805,2017-06-09 T12:30,11036,8.0,0.0,8.0
806,2017-06-09 T13:00,11048,12.0,0.0,12.0
807,2017-06-09 T13:30,11056,8.0,0.0,8.0
808,2017-06-09 T14:00,11067,11.0,0.0,11.0
809,2017-06-09 T14:30,11073,6.0,0.0,6.0
810,2017-06-09 T15:00,11081,8.0,0.0,8.0
811,2017-06-09 T15:30,11086,5.0,0.0,5.0
812,2017-06-09 T16:00,11090,4.0,0.0,4.0
813,2017-06-09 T16:30,11092,2.0,0.0,2.0
814,2017-06-09 T17:00,11093,1.0,0.0,1.0
815,2017-06-09 T17:30,11093,0.0,0.0,0.0
816,2017-06-09 T18:00,11093,0.0,0.0,0.0
817,2017-06-09 T18:30,11093,0.0,0.0,0.0
818,2017-06-09 T19:00,11093,0.0,0.0,0.0
819,2017-06-09 T19:30,11093,0.0,0.0,0.0
820,2017-06-09 T20:00,11093,0.0,0.0,0.0
821,2017-06-09 T20:30,11093,0.0,0.0,0.0
822,2017-06-09 T21:00,11093,0.0,0.0,0.0
823,2017-06-09 T21:30,11093,0.0,0.0,0.0
824,2017-06-09 T22:00,11093,0.0,0.0,0.0
825,2017-06-09 T22:30,11093,0.0,0.0,0.0
826,2017-06-09 T23:00,11093,0.0,0.0,0.0
827,2017-06-09 T23:30,11093,0.0,0.0,0.0
828,2017-06-10 T00:00,11093,0.0,0.0,0.0
829,2017-06-10 T00:30,11093,0.0,0.0,0.0
830,2017-06-10 T02:00,11093,0.0,0.0,0.0
831,2017-06-10 T02:30,11093,0.0,0.0,0.0
832,2017-06-10 T03:00,11093,0.0,0.0,0.0
833,2017-06-10 T03:30,11093,0.0,0.0,0.0
834,2017-06-10 T04:00,11093,0.0,0.0,0.0
835,2017-06-10 T04:30,11093,0.0,0.0,0.0
836,2017-06-10 T06:00,11093,0.0,0.0,0.0
837,2017-06-10 T06:30,11093,0.0,0.0,0.0
838,2017-06-10 T07:00,11093,0.0,0.0,0.0
839,2017-06-10 T07:30,11093,0.0,0.0,0.0
840,2017-06-10 T08:00,11094,1.0,0.0,1.0
841,2017-06-10 T08:30,11095,1.0,0.0,1.0
842,2017-06-10 T09:00,11098,3.0,0.0,3.0
843,2017-06-10 T09:30,11101,3.0,0.0,3.0
844,2017-06-10 T10:00,11104,3.0,0.0,3.0
845,2017-06-10 T10:30,11109,5.0,0.256,4.744
846,2017-06-10 T11:00,11116,7.0,3.472,3.528
847,2017-06-10 T11:30,11124,8.0,3.072,4.928
848,2017-06-10 T12:00,11132,8.0,2.0,6.0
849,2017-06-10 T12:30,11136,4.0,1.92,2.08
850,2017-06-10 T13:00,11143,7.0,0.944,6.056
851,2017-06-10 T13:30,11146,3.0,1.088,1.912
852,2017-06-10 T14:00,11152,6.0,1.104,4.896
853,2017-06-10 T14:30,11156,4.0,0.496,3.504
854,2017-06-10 T15:00,11161,5.0,0.576,4.424
855,2017-06-10 T15:30,11165,4.0,0.0,4.0
856,2017-06-10 T16:00,11167,2.0,0.0,2.0
857,2017-06-10 T16:30,11168,1.0,0.0,1.0
858,2017-06-10 T17:00,11168,0.0,0.0,0.0
859,2017-06-10 T17:30,11168,0.0,0.0,0.0
860,2017-06-10 T18:00,11168,0.0,0.0,0.0
861,2017-06-10 T18:30,11168,0.0,0.0,0.0
862,2017-06-10 T19:00,11168,0.0,0.0,0.0
863,2017-06-10 T20:30,11168,0.0,0.0,0.0
864,2017-06-10 T21:00,11168,0.0,0.0,0.0
865,2017-06-10 T21:30,11168,0.0,0.0,0.0
866,2017-06-10 T22:00,11168,0.0,0.0,0.0
867,2017-06-10 T22:30,11168,0.0,0.0,0.0
868,2017-06-10 T23:00,11168,0.0,0.0,0.0
869,2017-06-10 T23:30,11169,1.0,0.0,1.0
870,2017-06-11 T00:00,11169,0.0,0.0,0.0
871,2017-06-11 T00:30,11169,0.0,0.0,0.0
872,2017-06-11 T01:00,11169,0.0,0.0,0.0
873,2017-06-11 T01:30,11169,0.0,0.0,0.0
874,2017-06-11 T02:00,11169,0.0,0.0,0.0
875,2017-06-11 T02:30,11169,0.0,0.0,0.0
876,2017-06-11 T03:00,11169,0.0,0.0,0.0
877,2017-06-11 T03:30,11169,0.0,0.0,0.0
878,2017-06-11 T04:00,11169,0.0,0.0,0.0
879,2017-06-11 T04:30,11169,0.0,0.0,0.0
880,2017-06-11 T05:00,11169,0.0,0.0,0.0
881,2017-06-11 T05:30,11169,0.0,0.0,0.0
882,2017-06-11 T06:00,11169,0.0,0.0,0.0
883,2017-06-11 T06:30,11169,0.0,0.0,0.0
884,2017-06-11 T07:00,11169,0.0,0.0,0.0
885,2017-06-11 T07:30,11169,0.0,0.0,0.0
886,2017-06-11 T08:00,11169,0.0,0.0,0.0
887,2017-06-11 T08:30,11170,1.0,0.0,1.0
888,2017-06-11 T09:00,11173,3.0,0.0,3.0
889,2017-06-11 T09:30,11174,1.0,0.16,0.84
890,2017-06-11 T10:00,11178,4.0,3.36,0.6400000000000001
891,2017-06-11 T10:30,11184,6.0,3.472,2.528
892,2017-06-11 T11:00,11194,10.0,4.368,5.632
893,2017-06-11 T11:30,11200,6.0,7.312,-1.3120000000000003
894,2017-06-11 T12:00,11212,12.0,4.144,7.856
895,2017-06-11 T12:30,11219,7.0,3.52,3.48
896,2017-06-11 T13:00,11226,7.0,1.648,5.352
897,2017-06-11 T13:30,11231,5.0,0.256,4.744
898,2017-06-11 T14:00,11235,4.0,4.48,-0.4800000000000004
899,2017-06-11 T14:30,11242,7.0,3.28,3.72
900,2017-06-11 T15:00,11251,9.0,3.28,5.720000000000001
901,2017-06-11 T15:30,11255,4.0,0.032,3.968
902,2017-06-11 T16:00,11257,2.0,0.0,2.0
903,2017-06-11 T16:30,11258,1.0,0.0,1.0
904,2017-06-11 T17:00,11258,0.0,0.0,0.0
905,2017-06-11 T17:30,11258,0.0,0.0,0.0
906,2017-06-11 T18:00,11258,0.0,0.0,0.0
907,2017-06-11 T18:30,11258,0.0,0.0,0.0
908,2017-06-11 T19:00,11258,0.0,0.0,0.0
909,2017-06-11 T19:30,11258,0.0,0.0,0.0
910,2017-06-11 T20:00,11258,0.0,0.0,0.0
911,2017-06-11 T20:30,11258,0.0,0.0,0.0
912,2017-06-11 T21:00,11258,0.0,0.0,0.0
913,2017-06-11 T21:30,11258,0.0,0.0,0.0
914,2017-06-11 T22:00,11258,0.0,0.0,0.0
915,2017-06-11 T22:30,11258,0.0,0.0,0.0
916,2017-06-11 T23:00,11258,0.0,0.0,0.0
917,2017-06-11 T23:30,11258,0.0,0.0,0.0
918,2017-06-12 T00:00,11258,0.0,0.0,0.0
919,2017-06-12 T00:30,11258,0.0,0.0,0.0
920,2017-06-12 T01:00,11258,0.0,0.0,0.0
921,2017-06-12 T01:30,11258,0.0,0.0,0.0
922,2017-06-12 T02:00,11258,0.0,0.0,0.0
923,2017-06-12 T02:30,11258,0.0,0.0,0.0
924,2017-06-12 T03:00,11258,0.0,0.0,0.0
925,2017-06-12 T03:30,11258,0.0,0.0,0.0
926,2017-06-12 T04:00,11258,0.0,0.0,0.0
927,2017-06-12 T04:30,11258,0.0,0.0,0.0
928,2017-06-12 T05:00,11258,0.0,0.0,0.0
929,2017-06-12 T05:30,11258,0.0,0.0,0.0
930,2017-06-12 T06:00,11258,0.0,0.0,0.0
931,2017-06-12 T06:30,11258,0.0,0.0,0.0
932,2017-06-12 T07:00,11258,0.0,0.0,0.0
933,2017-06-12 T07:30,11258,0.0,0.0,0.0
934,2017-06-12 T08:00,11259,1.0,0.0,1.0
935,2017-06-12 T08:30,11260,1.0,0.0,1.0
936,2017-06-12 T09:00,11264,4.0,0.0,4.0
937,2017-06-12 T09:30,11269,5.0,0.0,5.0
938,2017-06-12 T10:00,11275,6.0,0.0,6.0
939,2017-06-12 T10:30,11282,7.0,0.0,7.0
940,2017-06-12 T11:00,11291,9.0,0.0,9.0
941,2017-06-12 T11:30,11297,6.0,0.0,6.0
942,2017-06-12 T12:00,11302,5.0,0.0,5.0
943,2017-06-12 T12:30,11311,9.0,0.0,9.0
944,2017-06-12 T13:00,11320,9.0,0.0,9.0
945,2017-06-12 T13:30,11328,8.0,0.0,8.0
946,2017-06-12 T15:00,11353,25.0,0.0,25.0
947,2017-06-12 T15:30,11357,4.0,0.0,4.0
948,2017-06-12 T16:00,11362,5.0,0.0,5.0
949,2017-06-12 T16:30,11363,1.0,0.0,1.0
950,2017-06-12 T17:00,11364,1.0,0.0,1.0
951,2017-06-12 T17:30,11364,0.0,0.0,0.0
952,2017-06-12 T18:00,11364,0.0,0.0,0.0
953,2017-06-12 T18:30,11364,0.0,0.0,0.0
954,2017-06-12 T19:00,11364,0.0,0.0,0.0
955,2017-06-12 T19:30,11364,0.0,0.0,0.0
956,2017-06-12 T20:00,11364,0.0,0.0,0.0
957,2017-06-12 T20:30,11364,0.0,0.0,0.0
958,2017-06-12 T21:00,11364,0.0,0.0,0.0
959,2017-06-12 T21:30,11364,0.0,0.0,0.0
960,2017-06-12 T22:00,11364,0.0,0.0,0.0
961,2017-06-12 T22:30,11364,0.0,0.0,0.0
962,2017-06-12 T23:00,11364,0.0,0.0,0.0
963,2017-06-12 T23:30,11364,0.0,0.0,0.0
964,2017-06-13 T00:00,11364,0.0,0.0,0.0
965,2017-06-13 T00:30,11364,0.0,0.0,0.0
966,2017-06-13 T01:00,11364,0.0,0.0,0.0
967,2017-06-13 T01:30,11364,0.0,0.0,0.0
968,2017-06-13 T02:00,11364,0.0,0.0,0.0
969,2017-06-13 T02:30,11364,0.0,0.0,0.0
970,2017-06-13 T03:00,11364,0.0,0.0,0.0
971,2017-06-13 T03:30,11364,0.0,0.0,0.0
972,2017-06-13 T05:00,11364,0.0,0.0,0.0
973,2017-06-13 T05:30,11364,0.0,0.0,0.0
974,2017-06-13 T06:00,11364,0.0,0.0,0.0
975,2017-06-13 T06:30,11364,0.0,0.0,0.0
976,2017-06-13 T07:00,11364,0.0,0.0,0.0
977,2017-06-13 T07:30,11364,0.0,0.0,0.0
978,2017-06-13 T08:00,11365,1.0,0.0,1.0
979,2017-06-13 T08:30,11366,1.0,0.0,1.0
980,2017-06-13 T09:00,11370,4.0,0.0,4.0
981,2017-06-13 T09:30,11375,5.0,0.0,5.0
982,2017-06-13 T10:00,11384,9.0,0.0,9.0
983,2017-06-13 T10:30,11390,6.0,0.0,6.0
984,2017-06-13 T11:00,11401,11.0,0.0,11.0
985,2017-06-13 T11:30,11407,6.0,0.0,6.0
986,2017-06-13 T12:00,11417,10.0,0.0,10.0
987,2017-06-13 T12:30,11423,6.0,0.0,6.0
988,2017-06-13 T13:00,11433,10.0,0.0,10.0
989,2017-06-13 T13:30,11438,5.0,0.0,5.0
990,2017-06-13 T15:00,11450,12.0,0.0,12.0
991,2017-06-13 T15:30,11452,2.0,0.0,2.0
992,2017-06-13 T16:00,11454,2.0,0.0,2.0
993,2017-06-13 T16:30,11454,0.0,0.0,0.0
994,2017-06-13 T17:00,11454,0.0,0.0,0.0
995,2017-06-13 T17:30,11454,0.0,0.0,0.0
996,2017-06-13 T18:00,11454,0.0,0.0,0.0
997,2017-06-13 T18:30,11454,0.0,0.0,0.0
998,2017-06-13 T19:00,11454,0.0,0.0,0.0
999,2017-06-13 T19:30,11454,0.0,0.0,0.0
1000,2017-06-13 T20:00,11454,0.0,0.0,0.0
1001,2017-06-13 T20:30,11454,0.0,0.0,0.0
1002,2017-06-13 T21:00,11454,0.0,0.0,0.0
1003,2017-06-13 T21:30,11454,0.0,0.0,0.0
1004,2017-06-13 T22:00,11454,0.0,0.0,0.0
1005,2017-06-13 T22:30,11454,0.0,0.0,0.0
1006,2017-06-13 T23:00,11454,0.0,0.0,0.0
1007,2017-06-13 T23:30,11454,0.0,0.0,0.0
1008,2017-06-14 T00:00,11454,0.0,0.0,0.0
1009,2017-06-14 T00:30,11454,0.0,0.0,0.0
1010,2017-06-14 T01:00,11454,0.0,0.0,0.0
1011,2017-06-14 T01:30,11454,0.0,0.0,0.0
1012,2017-06-14 T02:00,11454,0.0,0.0,0.0
1013,2017-06-14 T02:30,11454,0.0,0.0,0.0
1014,2017-06-14 T03:00,11454,0.0,0.0,0.0
1015,2017-06-14 T03:30,11454,0.0,0.0,0.0
1016,2017-06-14 T04:00,11454,0.0,0.0,0.0
1017,2017-06-14 T04:30,11454,0.0,0.0,0.0
1018,2017-06-14 T05:00,11454,0.0,0.0,0.0
1019,2017-06-14 T05:30,11454,0.0,0.0,0.0
1020,2017-06-14 T07:00,11455,1.0,0.0,1.0
1021,2017-06-14 T07:30,11455,0.0,0.0,0.0
1022,2017-06-14 T08:00,11455,0.0,0.0,0.0
1023,2017-06-14 T08:30,11456,1.0,0.0,1.0
1024,2017-06-14 T09:00,11457,1.0,0.0,1.0
1025,2017-06-14 T09:30,11460,3.0,0.0,3.0
1026,2017-06-14 T10:00,11463,3.0,0.0,3.0
1027,2017-06-14 T10:30,11469,6.0,0.0,6.0
1028,2017-06-14 T11:00,11479,10.0,0.0,10.0
1029,2017-06-14 T11:30,11486,7.0,0.0,7.0
1030,2017-06-14 T12:00,11492,6.0,0.0,6.0
1031,2017-06-14 T12:30,11501,9.0,0.0,9.0
1032,2017-06-14 T13:00,11513,12.0,0.0,12.0
1033,2017-06-14 T13:30,11517,4.0,0.0,4.0
1034,2017-06-14 T14:00,11524,7.0,0.0,7.0
1035,2017-06-14 T14:30,11531,7.0,0.0,7.0
1036,2017-06-14 T15:00,11534,3.0,0.0,3.0
1037,2017-06-14 T15:30,11536,2.0,0.0,2.0
1038,2017-06-14 T16:00,11538,2.0,0.0,2.0
1039,2017-06-14 T16:30,11539,1.0,0.0,1.0
1040,2017-06-14 T17:00,11539,0.0,0.0,0.0
1041,2017-06-14 T17:30,11539,0.0,0.0,0.0
1042,2017-06-14 T18:00,11539,0.0,0.0,0.0
1043,2017-06-14 T18:30,11539,0.0,0.0,0.0
1044,2017-06-14 T19:00,11539,0.0,0.0,0.0
1045,2017-06-14 T19:30,11539,0.0,0.0,0.0
1046,2017-06-14 T23:00,11539,0.0,0.0,0.0
1047,2017-06-14 T23:30,11539,0.0,0.0,0.0
1048,2017-06-15 T00:00,11539,0.0,0.0,0.0
1049,2017-06-15 T00:30,11539,0.0,0.0,0.0
1050,2017-06-15 T01:00,11539,0.0,0.0,0.0
1051,2017-06-15 T01:30,11539,0.0,0.0,0.0
1052,2017-06-15 T02:00,11539,0.0,0.0,0.0
1053,2017-06-15 T02:30,11539,0.0,0.0,0.0
1054,2017-06-15 T03:00,11539,0.0,0.0,0.0
1055,2017-06-15 T03:30,11539,0.0,0.0,0.0
1056,2017-06-15 T04:00,11539,0.0,0.0,0.0
1057,2017-06-15 T04:30,11539,0.0,0.0,0.0
1058,2017-06-15 T05:00,11539,0.0,0.0,0.0
1059,2017-06-15 T05:30,11539,0.0,0.0,0.0
1060,2017-06-15 T06:00,11539,0.0,0.0,0.0
1061,2017-06-15 T06:30,11539,0.0,0.0,0.0
1062,2017-06-15 T07:00,11539,0.0,0.0,0.0
1063,2017-06-15 T07:30,11539,0.0,0.0,0.0
1064,2017-06-15 T08:00,11540,1.0,0.0,1.0
1065,2017-06-15 T08:30,11541,1.0,0.0,1.0
1066,2017-06-15 T09:00,11545,4.0,0.0,4.0
1067,2017-06-15 T09:30,11549,4.0,0.0,4.0
1068,2017-06-15 T10:00,11556,7.0,0.0,7.0
1069,2017-06-15 T10:30,11563,7.0,0.0,7.0
1070,2017-06-15 T11:00,11569,6.0,0.0,6.0
1071,2017-06-15 T11:30,11577,8.0,0.0,8.0
1072,2017-06-15 T12:00,11583,6.0,0.0,6.0
1073,2017-06-15 T12:30,11590,7.0,0.0,7.0
1074,2017-06-15 T13:00,11595,5.0,0.0,5.0
1075,2017-06-15 T13:30,11597,2.0,0.0,2.0
1076,2017-06-15 T14:00,11600,3.0,0.0,3.0
1077,2017-06-15 T14:30,11602,2.0,0.0,2.0
1078,2017-06-15 T15:00,11611,9.0,0.0,9.0
1079,2017-06-15 T15:30,11615,4.0,0.0,4.0
1080,2017-06-15 T17:00,11622,7.0,0.0,7.0
1081,2017-06-15 T17:30,11622,0.0,0.0,0.0
1082,2017-06-15 T18:00,11622,0.0,0.0,0.0
1083,2017-06-15 T18:30,11622,0.0,0.0,0.0
1084,2017-06-15 T19:00,11622,0.0,0.0,0.0
1085,2017-06-15 T19:30,11622,0.0,0.0,0.0
1086,2017-06-15 T20:00,11622,0.0,0.0,0.0
1087,2017-06-15 T20:30,11622,0.0,0.0,0.0
1088,2017-06-15 T21:00,11622,0.0,0.0,0.0
1089,2017-06-15 T23:30,11622,0.0,0.0,0.0
1090,2017-06-16 T00:00,11622,0.0,0.0,0.0
1091,2017-06-16 T00:30,11622,0.0,0.0,0.0
1092,2017-06-16 T01:00,11622,0.0,0.0,0.0
1093,2017-06-16 T01:30,11622,0.0,0.0,0.0
1094,2017-06-16 T03:00,11622,0.0,0.0,0.0
1095,2017-06-16 T03:30,11622,0.0,0.0,0.0
1096,2017-06-16 T04:00,11622,0.0,0.0,0.0
1097,2017-06-16 T04:30,11622,0.0,0.0,0.0
1098,2017-06-16 T05:00,11622,0.0,0.0,0.0
1099,2017-06-16 T05:30,11622,0.0,0.0,0.0
1100,2017-06-16 T06:00,11622,0.0,0.0,0.0
1101,2017-06-16 T06:30,11622,0.0,0.0,0.0
1102,2017-06-16 T07:00,11622,0.0,0.0,0.0
1103,2017-06-16 T07:30,11622,0.0,0.0,0.0
1104,2017-06-16 T08:00,11623,1.0,0.0,1.0
1105,2017-06-16 T08:30,11624,1.0,0.0,1.0
1106,2017-06-16 T09:00,11628,4.0,0.0,4.0
1107,2017-06-16 T09:30,11632,4.0,0.0,4.0
1108,2017-06-16 T10:00,11640,8.0,0.0,8.0
1109,2017-06-16 T10:30,11645,5.0,0.0,5.0
1110,2017-06-16 T11:00,11655,10.0,0.0,10.0
1111,2017-06-16 T11:30,11662,7.0,0.0,7.0
1112,2017-06-16 T12:00,11673,11.0,0.0,11.0
1113,2017-06-16 T12:30,11681,8.0,0.0,8.0
1114,2017-06-16 T13:00,11693,12.0,0.0,12.0
1115,2017-06-16 T13:30,11701,8.0,0.0,8.0
1116,2017-06-16 T14:00,11711,10.0,0.0,10.0
1117,2017-06-16 T14:30,11718,7.0,0.0,7.0
1118,2017-06-16 T15:00,11725,7.0,0.0,7.0
1119,2017-06-16 T15:30,11730,5.0,0.0,5.0
1120,2017-06-16 T16:00,11735,5.0,0.0,5.0
1121,2017-06-16 T16:30,11736,1.0,0.0,1.0
1122,2017-06-16 T17:00,11737,1.0,0.0,1.0
1123,2017-06-16 T17:30,11737,0.0,0.0,0.0
1124,2017-06-16 T18:00,11737,0.0,0.0,0.0
1125,2017-06-16 T18:30,11737,0.0,0.0,0.0
1126,2017-06-16 T19:00,11737,0.0,0.0,0.0
1127,2017-06-16 T19:30,11737,0.0,0.0,0.0
1128,2017-06-16 T20:00,11737,0.0,0.0,0.0
1129,2017-06-16 T20:30,11737,0.0,0.0,0.0
1130,2017-06-16 T21:00,11737,0.0,0.0,0.0
1131,2017-06-16 T21:30,11737,0.0,0.0,0.0
1132,2017-06-16 T22:00,11737,0.0,0.0,0.0
1133,2017-06-16 T22:30,11737,0.0,0.0,0.0
1134,2017-06-16 T23:00,11737,0.0,0.0,0.0
1135,2017-06-16 T23:30,11737,0.0,0.0,0.0
1136,2017-06-17 T00:00,11737,0.0,0.0,0.0
1137,2017-06-17 T00:30,11737,0.0,0.0,0.0
1138,2017-06-17 T01:00,11737,0.0,0.0,0.0
1139,2017-06-17 T01:30,11737,0.0,0.0,0.0
1140,2017-06-17 T02:00,11737,0.0,0.0,0.0
1141,2017-06-17 T02:30,11737,0.0,0.0,0.0
1142,2017-06-17 T03:00,11737,0.0,0.0,0.0
1143,2017-06-17 T03:30,11737,0.0,0.0,0.0
1144,2017-06-17 T04:00,11737,0.0,0.0,0.0
1145,2017-06-17 T04:30,11737,0.0,0.0,0.0
1146,2017-06-17 T05:00,11737,0.0,0.0,0.0
1147,2017-06-17 T05:30,11737,0.0,0.0,0.0
1148,2017-06-17 T07:00,11737,0.0,0.0,0.0
1149,2017-06-17 T07:30,11737,0.0,0.0,0.0
1150,2017-06-17 T08:00,11738,1.0,0.0,1.0
1151,2017-06-17 T08:30,11739,1.0,0.0,1.0
1152,2017-06-17 T09:00,11743,4.0,0.0,4.0
1153,2017-06-17 T09:30,11747,4.0,1.376,2.624
1154,2017-06-17 T10:00,11755,8.0,2.544,5.4559999999999995
1155,2017-06-17 T10:30,11761,6.0,3.168,2.832
1156,2017-06-17 T11:00,11771,10.0,4.576,5.424
1157,2017-06-17 T11:30,11779,8.0,3.696,4.304
1158,2017-06-17 T12:00,11790,11.0,4.704,6.296
1159,2017-06-17 T12:30,11798,8.0,5.728,2.2720000000000002
1160,2017-06-17 T13:00,11810,12.0,5.696,6.304
1161,2017-06-17 T13:30,11818,8.0,4.512,3.4880000000000004
1162,2017-06-17 T14:00,11828,10.0,3.776,6.224
1163,2017-06-17 T14:30,11834,6.0,2.864,3.136
1164,2017-06-17 T16:00,11851,17.0,0.0,17.0
1165,2017-06-17 T16:30,11852,1.0,0.0,1.0
1166,2017-06-17 T17:00,11853,1.0,0.0,1.0
1167,2017-06-17 T17:30,11853,0.0,0.0,0.0
1168,2017-06-17 T18:00,11853,0.0,0.0,0.0
1169,2017-06-17 T18:30,11853,0.0,0.0,0.0
1170,2017-06-17 T19:00,11853,0.0,0.0,0.0
1171,2017-06-17 T19:30,11853,0.0,0.0,0.0
1172,2017-06-17 T20:00,11853,0.0,0.0,0.0
1173,2017-06-17 T20:30,11853,0.0,0.0,0.0
1174,2017-06-17 T21:00,11853,0.0,0.0,0.0
1175,2017-06-17 T21:30,11853,0.0,0.0,0.0
1176,2017-06-17 T22:00,11853,0.0,0.0,0.0
1177,2017-06-17 T22:30,11853,0.0,0.0,0.0
1178,2017-06-17 T23:00,11853,0.0,0.0,0.0
1179,2017-06-17 T23:30,11853,0.0,0.0,0.0
1180,2017-06-18 T00:00,11853,0.0,0.0,0.0
1181,2017-06-18 T00:30,11853,0.0,0.0,0.0
1182,2017-06-18 T01:00,11853,0.0,0.0,0.0
1183,2017-06-18 T01:30,11853,0.0,0.0,0.0
1184,2017-06-18 T02:00,11853,0.0,0.0,0.0
1185,2017-06-18 T02:30,11853,0.0,0.0,0.0
1186,2017-06-18 T03:00,11853,0.0,0.0,0.0
1187,2017-06-18 T03:30,11853,0.0,0.0,0.0
1188,2017-06-18 T04:00,11853,0.0,0.0,0.0
1189,2017-06-18 T04:30,11853,0.0,0.0,0.0
1190,2017-06-18 T05:00,11853,0.0,0.0,0.0
1191,2017-06-18 T05:30,11853,0.0,0.0,0.0
1192,2017-06-18 T06:00,11853,0.0,0.0,0.0
1193,2017-06-18 T06:30,11853,0.0,0.0,0.0
1194,2017-06-18 T07:00,11853,0.0,0.0,0.0
1195,2017-06-18 T07:30,11853,0.0,0.0,0.0
1196,2017-06-18 T08:00,11854,1.0,0.0,1.0
1197,2017-06-18 T08:30,11855,1.0,0.032,0.968
1198,2017-06-18 T09:00,11859,4.0,0.688,3.3120000000000003
1199,2017-06-18 T09:30,11863,4.0,2.88,1.12
1200,2017-06-18 T10:00,11871,8.0,3.648,4.352
1201,2017-06-18 T10:30,11877,6.0,5.056,0.944
1202,2017-06-18 T11:00,11887,10.0,5.92,4.08
1203,2017-06-18 T11:30,11895,8.0,6.32,1.6799999999999997
1204,2017-06-18 T12:00,11907,12.0,6.432,5.568
1205,2017-06-18 T12:30,11915,8.0,6.256,1.7439999999999998
1206,2017-06-18 T13:00,11926,11.0,5.856,5.144
1207,2017-06-18 T13:30,11934,8.0,5.28,2.7199999999999998
1208,2017-06-18 T14:00,11944,10.0,4.336,5.664
1209,2017-06-18 T14:30,11951,7.0,3.168,3.832
1210,2017-06-18 T15:00,11958,7.0,1.824,5.176
1211,2017-06-18 T15:30,11963,5.0,0.368,4.632
1212,2017-06-18 T16:00,11967,4.0,0.0,4.0
1213,2017-06-18 T16:30,11969,2.0,0.0,2.0
1214,2017-06-18 T17:00,11970,1.0,0.0,1.0
1215,2017-06-18 T17:30,11970,0.0,0.0,0.0
1216,2017-06-18 T19:00,11970,0.0,0.0,0.0
1217,2017-06-18 T19:30,11970,0.0,0.0,0.0
1218,2017-06-18 T20:00,11970,0.0,0.0,0.0
1219,2017-06-18 T20:30,11970,0.0,0.0,0.0
1220,2017-06-18 T21:00,11970,0.0,0.0,0.0
1221,2017-06-18 T21:30,11970,0.0,0.0,0.0
1222,2017-06-18 T22:00,11970,0.0,0.0,0.0
1223,2017-06-18 T22:30,11970,0.0,0.0,0.0
1224,2017-06-18 T23:00,11970,0.0,0.0,0.0
1225,2017-06-18 T23:30,11970,0.0,0.0,0.0
1226,2017-06-19 T00:00,11970,0.0,0.0,0.0
1227,2017-06-19 T00:30,11970,0.0,0.0,0.0
1228,2017-06-19 T01:00,11970,0.0,0.0,0.0
1229,2017-06-19 T01:30,11970,0.0,0.0,0.0
1230,2017-06-19 T02:00,11970,0.0,0.0,0.0
1231,2017-06-19 T02:30,11970,0.0,0.0,0.0
1232,2017-06-19 T03:00,11970,0.0,0.0,0.0
1233,2017-06-19 T03:30,11970,0.0,0.0,0.0
1234,2017-06-19 T04:00,11970,0.0,0.0,0.0
1235,2017-06-19 T04:30,11970,0.0,0.0,0.0
1236,2017-06-19 T05:00,11970,0.0,0.0,0.0
1237,2017-06-19 T05:30,11970,0.0,0.0,0.0
1238,2017-06-19 T06:00,11970,0.0,0.0,0.0
1239,2017-06-19 T06:30,11970,0.0,0.0,0.0
1240,2017-06-19 T07:00,11970,0.0,0.0,0.0
1241,2017-06-19 T07:30,11970,0.0,0.0,0.0
1242,2017-06-19 T08:00,11970,0.0,0.0,0.0
1243,2017-06-19 T08:30,11972,2.0,0.0,2.0
1244,2017-06-19 T09:00,11976,4.0,0.0,4.0
1245,2017-06-19 T09:30,11980,4.0,0.0,4.0
1246,2017-06-19 T10:00,11987,7.0,0.0,7.0
1247,2017-06-19 T10:30,11994,7.0,0.0,7.0
1248,2017-06-19 T11:00,12004,10.0,0.0,10.0
1249,2017-06-19 T11:30,12011,7.0,0.0,7.0
1250,2017-06-19 T12:00,12023,12.0,0.0,12.0
1251,2017-06-19 T12:30,12031,8.0,0.0,8.0
1252,2017-06-19 T13:00,12042,11.0,0.0,11.0
1253,2017-06-19 T13:30,12049,7.0,0.0,7.0
1254,2017-06-19 T15:00,12074,25.0,0.0,25.0
1255,2017-06-19 T15:30,12078,4.0,0.0,4.0
1256,2017-06-19 T16:00,12083,5.0,0.0,5.0
1257,2017-06-19 T16:30,12085,2.0,0.0,2.0
1258,2017-06-19 T17:00,12086,1.0,0.0,1.0
1259,2017-06-19 T17:30,12086,0.0,0.0,0.0
1260,2017-06-19 T18:00,12086,0.0,0.0,0.0
1261,2017-06-19 T18:30,12086,0.0,0.0,0.0
1262,2017-06-19 T19:00,12086,0.0,0.0,0.0
1263,2017-06-19 T19:30,12086,0.0,0.0,0.0
1264,2017-06-19 T20:00,12086,0.0,0.0,0.0
1265,2017-06-19 T20:30,12086,0.0,0.0,0.0
1266,2017-06-19 T21:00,12086,0.0,0.0,0.0
1267,2017-06-19 T21:30,12086,0.0,0.0,0.0
1268,2017-06-19 T22:00,12086,0.0,0.0,0.0
1269,2017-06-19 T22:30,12086,0.0,0.0,0.0
1270,2017-06-19 T23:00,12086,0.0,0.0,0.0
1271,2017-06-19 T23:30,12086,0.0,0.0,0.0
1272,2017-06-20 T00:00,12086,0.0,0.0,0.0
1273,2017-06-20 T00:30,12086,0.0,0.0,0.0
1274,2017-06-20 T01:00,12086,0.0,0.0,0.0
1275,2017-06-20 T01:30,12086,0.0,0.0,0.0
1276,2017-06-20 T02:00,12086,0.0,0.0,0.0
1277,2017-06-20 T02:30,12086,0.0,0.0,0.0
1278,2017-06-20 T03:00,12086,0.0,0.0,0.0
1279,2017-06-20 T03:30,12086,0.0,0.0,0.0
1280,2017-06-20 T04:00,12086,0.0,0.0,0.0
1281,2017-06-20 T04:30,12086,0.0,0.0,0.0
1282,2017-06-20 T05:00,12086,0.0,0.0,0.0
1283,2017-06-20 T05:30,12086,0.0,0.0,0.0
1284,2017-06-20 T06:00,12086,0.0,0.0,0.0
1285,2017-06-20 T06:30,12086,0.0,0.0,0.0
1286,2017-06-20 T07:00,12086,0.0,0.0,0.0
1287,2017-06-20 T07:30,12086,0.0,0.0,0.0
1288,2017-06-20 T08:00,12086,0.0,0.0,0.0
1289,2017-06-20 T08:30,12088,2.0,0.0,2.0
1290,2017-06-20 T09:00,12092,4.0,0.0,4.0
1291,2017-06-20 T09:30,12096,4.0,0.0,4.0
1292,2017-06-20 T10:00,12103,7.0,0.0,7.0
1293,2017-06-20 T10:30,12110,7.0,0.0,7.0
1294,2017-06-20 T11:00,12120,10.0,0.0,10.0
1295,2017-06-20 T11:30,12127,7.0,0.0,7.0
1296,2017-06-20 T12:00,12137,10.0,0.0,10.0
1297,2017-06-20 T12:30,12145,8.0,0.0,8.0
1298,2017-06-20 T13:00,12156,11.0,0.0,11.0
1299,2017-06-20 T13:30,12164,8.0,0.0,8.0
1300,2017-06-20 T14:00,12174,10.0,0.0,10.0
1301,2017-06-20 T14:30,12180,6.0,0.0,6.0
1302,2017-06-20 T15:00,12188,8.0,0.0,8.0
1303,2017-06-20 T15:30,12192,4.0,0.0,4.0
1304,2017-06-20 T16:00,12197,5.0,0.0,5.0
1305,2017-06-20 T17:30,12201,4.0,0.0,4.0
1306,2017-06-20 T18:00,12201,0.0,0.0,0.0
1307,2017-06-20 T18:30,12201,0.0,0.0,0.0
1308,2017-06-20 T19:00,12201,0.0,0.0,0.0
1309,2017-06-20 T19:30,12201,0.0,0.0,0.0
1310,2017-06-20 T20:00,12201,0.0,0.0,0.0
1311,2017-06-20 T20:30,12201,0.0,0.0,0.0
1312,2017-06-20 T21:00,12201,0.0,0.0,0.0
1313,2017-06-20 T21:30,12201,0.0,0.0,0.0
1314,2017-06-20 T22:00,12201,0.0,0.0,0.0
1315,2017-06-20 T22:30,12201,0.0,0.0,0.0
1316,2017-06-20 T23:00,12201,0.0,0.0,0.0
1317,2017-06-20 T23:30,12201,0.0,0.0,0.0
1318,2017-06-21 T00:00,12201,0.0,0.0,0.0
1319,2017-06-21 T00:30,12201,0.0,0.0,0.0
1320,2017-06-21 T01:00,12201,0.0,0.0,0.0
1321,2017-06-21 T01:30,12201,0.0,0.0,0.0
1322,2017-06-21 T02:00,12201,0.0,0.0,0.0
1323,2017-06-21 T02:30,12201,0.0,0.0,0.0
1324,2017-06-21 T03:00,12201,0.0,0.0,0.0
1325,2017-06-21 T03:30,12201,0.0,0.0,0.0
1326,2017-06-21 T04:00,12201,0.0,0.0,0.0
1327,2017-06-21 T04:30,12201,0.0,0.0,0.0
1328,2017-06-21 T05:00,12201,0.0,0.0,0.0
1329,2017-06-21 T05:30,12201,0.0,0.0,0.0
1330,2017-06-21 T06:00,12201,0.0,0.0,0.0
1331,2017-06-21 T06:30,12201,0.0,0.0,0.0
1332,2017-06-21 T07:00,12201,0.0,0.0,0.0
1333,2017-06-21 T07:30,12201,0.0,0.0,0.0
1334,2017-06-21 T08:00,12201,0.0,0.0,0.0
1335,2017-06-21 T08:30,12203,2.0,0.0,2.0
1336,2017-06-21 T09:00,12208,5.0,0.0,5.0
1337,2017-06-21 T09:30,12212,4.0,0.0,4.0
1338,2017-06-22 T01:00,12303,91.0,0.0,91.0
1339,2017-06-22 T01:30,12303,0.0,0.0,0.0
1340,2017-06-22 T03:00,12303,0.0,0.0,0.0
1341,2017-06-22 T03:30,12303,0.0,0.0,0.0
1342,2017-06-22 T04:00,12303,0.0,0.0,0.0
1343,2017-06-22 T04:30,12303,0.0,0.0,0.0
1344,2017-06-22 T05:00,12303,0.0,0.0,0.0
1345,2017-06-22 T05:30,12303,0.0,0.0,0.0
1346,2017-06-22 T06:00,12303,0.0,0.0,0.0
1347,2017-06-22 T06:30,12303,0.0,0.0,0.0
1348,2017-06-22 T07:00,12303,0.0,0.0,0.0
1349,2017-06-22 T07:30,12303,0.0,0.0,0.0
1350,2017-06-22 T08:00,12303,0.0,0.0,0.0
1351,2017-06-22 T08:30,12304,1.0,0.0,1.0
1352,2017-06-22 T09:00,12305,1.0,0.0,1.0
1353,2017-06-22 T09:30,12306,1.0,0.0,1.0
1354,2017-06-22 T10:00,12308,2.0,0.0,2.0
1355,2017-06-22 T10:30,12310,2.0,0.0,2.0
1356,2017-06-22 T11:00,12312,2.0,0.0,2.0
1357,2017-06-22 T11:30,12314,2.0,0.0,2.0
1358,2017-06-22 T12:00,12319,5.0,0.0,5.0
1359,2017-06-22 T12:30,12321,2.0,0.0,2.0
1360,2017-06-22 T13:00,12324,3.0,0.0,3.0
1361,2017-06-22 T13:30,12326,2.0,0.0,2.0
1362,2017-06-22 T14:00,12327,1.0,0.0,1.0
1363,2017-06-22 T14:30,12329,2.0,0.0,2.0
1364,2017-06-22 T15:00,12333,4.0,0.0,4.0
1365,2017-06-22 T15:30,12335,2.0,0.0,2.0
1366,2017-06-22 T16:00,12336,1.0,0.0,1.0
1367,2017-06-22 T16:30,12337,1.0,0.0,1.0
1368,2017-06-22 T17:00,12337,0.0,0.0,0.0
1369,2017-06-22 T17:30,12337,0.0,0.0,0.0
1370,2017-06-22 T18:00,12337,0.0,0.0,0.0
1371,2017-06-22 T18:30,12337,0.0,0.0,0.0
1372,2017-06-22 T19:00,12337,0.0,0.0,0.0
1373,2017-06-22 T19:30,12337,0.0,0.0,0.0
1374,2017-06-22 T20:00,12337,0.0,0.0,0.0
1375,2017-06-22 T20:30,12337,0.0,0.0,0.0
1376,2017-06-22 T21:00,12337,0.0,0.0,0.0
1377,2017-06-22 T21:30,12337,0.0,0.0,0.0
1378,2017-06-22 T22:00,12337,0.0,0.0,0.0
1379,2017-06-22 T22:30,12337,0.0,0.0,0.0
1380,2017-06-22 T23:00,12337,0.0,0.0,0.0
1381,2017-06-22 T23:30,12337,0.0,0.0,0.0
1382,2017-06-23 T00:00,12337,0.0,0.0,0.0
1383,2017-06-23 T00:30,12337,0.0,0.0,0.0
1384,2017-06-23 T01:00,12337,0.0,0.0,0.0
1385,2017-06-23 T01:30,12337,0.0,0.0,0.0
1386,2017-06-23 T02:00,12337,0.0,0.0,0.0
1387,2017-06-23 T02:30,12337,0.0,0.0,0.0
1388,2017-06-23 T03:00,12337,0.0,0.0,0.0
1389,2017-06-23 T03:30,12337,0.0,0.0,0.0
1390,2017-06-23 T04:00,12337,0.0,0.0,0.0
1391,2017-06-23 T04:30,12337,0.0,0.0,0.0
1392,2017-06-23 T05:00,12337,0.0,0.0,0.0
1393,2017-06-23 T05:30,12337,0.0,0.0,0.0
1394,2017-06-23 T06:00,12337,0.0,0.0,0.0
1395,2017-06-23 T06:30,12337,0.0,0.0,0.0
1396,2017-06-23 T07:00,12337,0.0,0.0,0.0
1397,2017-06-23 T07:30,12337,0.0,0.0,0.0
1398,2017-06-23 T08:00,12338,1.0,0.0,1.0
1399,2017-06-23 T08:30,12338,0.0,0.0,0.0
1400,2017-06-23 T10:00,12352,14.0,0.0,14.0
1401,2017-06-23 T10:30,12356,4.0,0.0,4.0
1402,2017-06-23 T11:00,12366,10.0,0.0,10.0
1403,2017-06-23 T11:30,12374,8.0,0.0,8.0
1404,2017-06-23 T12:00,12386,12.0,0.0,12.0
1405,2017-06-23 T12:30,12395,9.0,0.0,9.0
1406,2017-06-23 T13:00,12407,12.0,0.0,12.0
1407,2017-06-23 T13:30,12413,6.0,0.0,6.0
1408,2017-06-23 T14:00,12416,3.0,0.0,3.0
1409,2017-06-23 T14:30,12419,3.0,0.0,3.0
1410,2017-06-23 T15:00,12421,2.0,0.0,2.0
1411,2017-06-23 T15:30,12423,2.0,0.0,2.0
1412,2017-06-23 T16:00,12428,5.0,0.0,5.0
1413,2017-06-23 T16:30,12430,2.0,0.0,2.0
1414,2017-06-23 T17:00,12431,1.0,0.0,1.0
1415,2017-06-23 T17:30,12431,0.0,0.0,0.0
1416,2017-06-23 T18:00,12431,0.0,0.0,0.0
1417,2017-06-23 T18:30,12431,0.0,0.0,0.0
1418,2017-06-23 T19:00,12431,0.0,0.0,0.0
1419,2017-06-23 T19:30,12431,0.0,0.0,0.0
1420,2017-06-23 T21:00,12431,0.0,0.0,0.0
1421,2017-06-23 T21:30,12431,0.0,0.0,0.0
1422,2017-06-23 T22:00,12431,0.0,0.0,0.0
1423,2017-06-23 T22:30,12431,0.0,0.0,0.0
1424,2017-06-23 T23:00,12431,0.0,0.0,0.0
1425,2017-06-23 T23:30,12431,0.0,0.0,0.0
1426,2017-06-24 T00:00,12431,0.0,0.0,0.0
1427,2017-06-24 T00:30,12431,0.0,0.0,0.0
1428,2017-06-24 T01:00,12431,0.0,0.0,0.0
1429,2017-06-24 T01:30,12431,0.0,0.0,0.0
1430,2017-06-24 T03:00,12431,0.0,0.0,0.0
1431,2017-06-24 T03:30,12431,0.0,0.0,0.0
1432,2017-06-24 T04:00,12431,0.0,0.0,0.0
1433,2017-06-24 T04:30,12431,0.0,0.0,0.0
1434,2017-06-24 T05:00,12431,0.0,0.0,0.0
1435,2017-06-24 T05:30,12431,0.0,0.0,0.0
1436,2017-06-24 T06:00,12431,0.0,0.0,0.0
1437,2017-06-24 T06:30,12431,0.0,0.0,0.0
1438,2017-06-24 T07:00,12431,0.0,0.0,0.0
1439,2017-06-24 T07:30,12431,0.0,0.0,0.0
1440,2017-06-24 T08:00,12431,0.0,0.0,0.0
1441,2017-06-24 T08:30,12432,1.0,0.0,1.0
1442,2017-06-24 T09:00,12436,4.0,0.624,3.376
1443,2017-06-24 T09:30,12440,4.0,1.888,2.112
1444,2017-06-24 T10:00,12447,7.0,3.456,3.544
1445,2017-06-24 T10:30,12454,7.0,4.592,2.4080000000000004
1446,2017-06-24 T11:00,12464,10.0,3.856,6.144
1447,2017-06-24 T11:30,12471,7.0,6.16,0.8399999999999999
1448,2017-06-24 T12:00,12483,12.0,6.144,5.856
1449,2017-06-24 T12:30,12491,8.0,6.208,1.7919999999999998
1450,2017-06-24 T13:00,12503,12.0,5.2,6.8
1451,2017-06-24 T13:30,12511,8.0,5.632,2.3680000000000003
1452,2017-06-24 T14:00,12522,11.0,5.152,5.848
1453,2017-06-24 T14:30,12529,7.0,2.528,4.4719999999999995
1454,2017-06-24 T15:00,12537,8.0,1.952,6.048
1455,2017-06-24 T15:30,12541,4.0,0.784,3.216
1456,2017-06-24 T16:00,12545,4.0,0.0,4.0
1457,2017-06-24 T16:30,12547,2.0,0.0,2.0
1458,2017-06-24 T17:00,12548,1.0,0.0,1.0
1459,2017-06-24 T17:30,12548,0.0,0.0,0.0
1460,2017-06-24 T18:00,12548,0.0,0.0,0.0
1461,2017-06-24 T18:30,12548,0.0,0.0,0.0
1462,2017-06-24 T19:00,12548,0.0,0.0,0.0
1463,2017-06-24 T19:30,12548,0.0,0.0,0.0
1464,2017-06-24 T20:00,12548,0.0,0.0,0.0
1465,2017-06-24 T20:30,12548,0.0,0.0,0.0
1466,2017-06-24 T21:00,12548,0.0,0.0,0.0
1467,2017-06-24 T21:30,12548,0.0,0.0,0.0
1468,2017-06-24 T22:00,12548,0.0,0.0,0.0
1469,2017-06-24 T22:30,12548,0.0,0.0,0.0
1470,2017-06-24 T23:00,12548,0.0,0.0,0.0
1471,2017-06-24 T23:30,12548,0.0,0.0,0.0
1472,2017-06-25 T00:00,12548,0.0,0.0,0.0
1473,2017-06-25 T00:30,12548,0.0,0.0,0.0
1474,2017-06-25 T01:00,12548,0.0,0.0,0.0
1475,2017-06-25 T01:30,12548,0.0,0.0,0.0
1476,2017-06-25 T02:00,12548,0.0,0.0,0.0
1477,2017-06-25 T02:30,12548,0.0,0.0,0.0
1478,2017-06-25 T03:00,12548,0.0,0.0,0.0
1479,2017-06-25 T03:30,12548,0.0,0.0,0.0
1480,2017-06-25 T04:00,12548,0.0,0.0,0.0
1481,2017-06-25 T04:30,12548,0.0,0.0,0.0
1482,2017-06-25 T05:00,12548,0.0,0.0,0.0
1483,2017-06-25 T05:30,12548,0.0,0.0,0.0
1484,2017-06-25 T06:00,12548,0.0,0.0,0.0
1485,2017-06-25 T06:30,12548,0.0,0.0,0.0
1486,2017-06-25 T07:00,12548,0.0,0.0,0.0
1487,2017-06-25 T07:30,12548,0.0,0.0,0.0
1488,2017-06-25 T08:00,12549,1.0,0.0,1.0
1489,2017-06-25 T08:30,12550,1.0,0.064,0.9359999999999999
1490,2017-06-25 T09:00,12554,4.0,0.832,3.168
1491,2017-06-25 T09:30,12558,4.0,2.48,1.52
1492,2017-06-25 T10:00,12566,8.0,3.312,4.688000000000001
1493,2017-06-25 T10:30,12573,7.0,5.2,1.7999999999999998
1494,2017-06-25 T11:00,12583,10.0,5.888,4.112
1495,2017-06-25 T11:30,12591,8.0,6.304,1.6959999999999997
1496,2017-06-25 T12:00,12602,11.0,7.104,3.896
1497,2017-06-25 T12:30,12611,9.0,4.256,4.744
1498,2017-06-25 T13:00,12620,9.0,1.504,7.496
1499,2017-06-25 T13:30,12624,4.0,3.52,0.48
1500,2017-06-25 T14:00,12632,8.0,4.816,3.184
1501,2017-06-25 T14:30,12639,7.0,2.8,4.2
1502,2017-06-25 T15:00,12647,8.0,1.392,6.6080000000000005
1503,2017-06-25 T15:30,12650,3.0,0.784,2.216
1504,2017-06-25 T16:00,12653,3.0,0.0,3.0
1505,2017-06-25 T16:30,12656,3.0,0.0,3.0
1506,2017-06-25 T17:00,12657,1.0,0.0,1.0
1507,2017-06-25 T17:30,12657,0.0,0.0,0.0
1508,2017-06-25 T18:00,12657,0.0,0.0,0.0
1509,2017-06-25 T18:30,12657,0.0,0.0,0.0
1510,2017-06-25 T19:00,12657,0.0,0.0,0.0
1511,2017-06-25 T19:30,12657,0.0,0.0,0.0
1512,2017-06-25 T20:00,12657,0.0,0.0,0.0
1513,2017-06-25 T20:30,12657,0.0,0.0,0.0
1514,2017-06-25 T21:00,12657,0.0,0.0,0.0
1515,2017-06-25 T21:30,12657,0.0,0.0,0.0
1516,2017-06-25 T22:00,12657,0.0,0.0,0.0
1517,2017-06-25 T22:30,12657,0.0,0.0,0.0
1518,2017-06-25 T23:00,12657,0.0,0.0,0.0
1519,2017-06-25 T23:30,12657,0.0,0.0,0.0
1520,2017-06-26 T00:00,12657,0.0,0.0,0.0
1521,2017-06-26 T00:30,12657,0.0,0.0,0.0
1522,2017-06-26 T01:00,12657,0.0,0.0,0.0
1523,2017-06-26 T01:30,12657,0.0,0.0,0.0
1524,2017-06-26 T02:00,12657,0.0,0.0,0.0
1525,2017-06-26 T02:30,12657,0.0,0.0,0.0
1526,2017-06-26 T03:00,12657,0.0,0.0,0.0
1527,2017-06-26 T03:30,12657,0.0,0.0,0.0
1528,2017-06-26 T04:00,12657,0.0,0.0,0.0
1529,2017-06-26 T04:30,12657,0.0,0.0,0.0
1530,2017-06-26 T05:00,12657,0.0,0.0,0.0
1531,2017-06-26 T05:30,12657,0.0,0.0,0.0
1532,2017-06-26 T06:00,12657,0.0,0.0,0.0
1533,2017-06-26 T06:30,12657,0.0,0.0,0.0
1534,2017-06-26 T07:00,12657,0.0,0.0,0.0
1535,2017-06-26 T07:30,12657,0.0,0.0,0.0
1536,2017-06-26 T08:00,12657,0.0,0.0,0.0
1537,2017-06-26 T08:30,12658,1.0,0.0,1.0
1538,2017-06-26 T09:00,12662,4.0,0.0,4.0
1539,2017-06-26 T09:30,12665,3.0,0.0,3.0
1540,2017-06-26 T10:00,12673,8.0,0.0,8.0
1541,2017-06-26 T10:30,12679,6.0,0.0,6.0
1542,2017-06-26 T11:00,12689,10.0,0.0,10.0
1543,2017-06-26 T11:30,12697,8.0,0.0,8.0
1544,2017-06-26 T12:00,12709,12.0,0.0,12.0
1545,2017-06-26 T12:30,12717,8.0,0.0,8.0
1546,2017-06-26 T13:00,12729,12.0,0.0,12.0
1547,2017-06-26 T13:30,12737,8.0,0.0,8.0
1548,2017-06-26 T14:00,12746,9.0,0.0,9.0
1549,2017-06-26 T14:30,12753,7.0,0.0,7.0
1550,2017-06-26 T15:00,12762,9.0,0.0,9.0
1551,2017-06-26 T15:30,12767,5.0,0.0,5.0
1552,2017-06-26 T16:00,12771,4.0,0.0,4.0
1553,2017-06-26 T16:30,12773,2.0,0.0,2.0
1554,2017-06-26 T17:00,12775,2.0,0.0,2.0
1555,2017-06-26 T17:30,12775,0.0,0.0,0.0
1556,2017-06-26 T18:00,12775,0.0,0.0,0.0
1557,2017-06-26 T18:30,12775,0.0,0.0,0.0
1558,2017-06-26 T19:00,12775,0.0,0.0,0.0
1559,2017-06-26 T19:30,12775,0.0,0.0,0.0
1560,2017-06-26 T20:00,12775,0.0,0.0,0.0
1561,2017-06-26 T20:30,12775,0.0,0.0,0.0
1562,2017-06-26 T21:00,12775,0.0,0.0,0.0
1563,2017-06-26 T21:30,12775,0.0,0.0,0.0
1564,2017-06-26 T22:00,12775,0.0,0.0,0.0
1565,2017-06-26 T22:30,12775,0.0,0.0,0.0
1566,2017-06-26 T23:00,12775,0.0,0.0,0.0
1567,2017-06-26 T23:30,12775,0.0,0.0,0.0
