100,NEM12,201707000000,WPNTWRKS,IDMPMD,,,,,,,,,,,,,,,,,,,,,,,,,,,,,,,,,,,,,,,,,,,,,,
200,8002180729,B1E1K1Q1T1,1,E1,,413000895,kWh,30,,,,,,,,,,,,,,,,,,,,,,,,,,,,,,,,,,,,,,,,,,
300,20170523,13.616,13.408,13.632,13.68,13.44,13.664,13.696,13.76,13.408,13.568,13.984,23.696,35.296,33.712,25.952,27.664,28.992,27.12,28,28.144,25.072,25.92,25.088,24.752,23.312,27.088,24.112,25.456,24.48,24.912,24.944,24.624,24,20.768,17.232,9.648,13.488,13.584,14.048,15.184,16.496,16.112,15.84,15.808,16.32,14.576,14.544,14,A
300,20170524,14.384,14.208,14.432,14.528,14.096,14.24,14.048,14.4,14.096,14.24,14.896,21.2,23.12,26.128,19.616,19.68,18.096,15.136,13.408,11.152,10.256,13.488,12.16,16.544,12.96,16.736,15.68,12.672,11.168,10.144,12.416,12.912,14.272,15.568,9.216,8,12.464,13.072,12.512,12.752,13.056,12.688,12.784,12.528,12.56,13.008,12.896,12.928,A
300,20170525,12.656,12.96,12.992,12.512,12.864,12.896,12.864,13.072,13.152,12.864,12.976,16.672,22.144,25.664,18.288,21.824,18.368,15.92,15.12,13.456,12.048,11.392,10.112,10.256,12.288,12.384,11.184,12.032,12.72,16.08,14.48,15.28,16.672,13.632,11.44,12.752,13.6,12.16,12.768,14.32,14.592,14.688,14.32,14.464,13.76,13.248,12.64,12.944,A
300,20170526,12.88,12.304,12.688,12.608,12.56,12.8,12.736,12.688,12.88,13.056,12.768,16.16,31.136,31.808,27.232,26.016,22.88,22.368,19.392,18.496,18.128,17.248,17.008,20.048,18.912,17.984,20.848,23.36,20.256,18.88,22.288,19.776,15.856,16,15.808,18.528,24.208,24.432,20.288,12.192,12.624,12.08,12.4,12.784,12.272,12.304,12.736,12.784,A
300,20170527,12.4,12.48,12.704,12.784,12.656,12.544,12.656,13.04,12.848,12.976,12.912,12.576,12.688,13.68,7.28,6.16,4.224,2.48,1.088,0,0,0,0,1.968,2.432,0.928,0.208,0.4,0,0.368,0.368,1.904,3.792,5.504,6.528,6.432,12.432,12.288,12.384,12.64,12.512,12.592,12.816,12.88,12.56,12.592,12.912,13.008,A
300,20170528,12.624,12.928,12.672,12.8,12.912,12.816,12.896,13.04,12.752,12.864,12.848,12.736,12.784,12.832,6.768,6.16,4.496,2.48,0.784,0.112,0,0,0,0,0,0.208,0.576,0.656,1.904,2.608,5.088,7.008,8.656,13.232,10.512,7.952,13.328,12.608,12.608,12.736,12.848,12.688,12.832,12.672,13.136,13.248,13.136,13.12,A
300,20170529,13.248,13.312,13.52,13.376,13.088,13.056,13.328,13.568,13.504,13.36,14.176,18.928,20.736,24.48,18.592,23.264,20.912,19.264,18.128,12.912,11.024,11.872,9.072,8.352,9.12,9.6,9.52,10.208,10.416,12.352,13.136,13.76,15.088,16.432,14.96,7.52,13.536,13.216,12.848,12.864,12.848,13.04,13.056,13.152,13.28,13.456,13.056,13.136,A
300,20170530,13.504,13.376,13.216,13.68,13.824,13.488,13.136,13.68,13.696,13.344,14.304,25.088,30.992,30.304,22.368,22.864,22.48,20.016,17.536,15.696,16.128,14.864,14.384,15.184,14.944,17.92,14.944,14.368,17.184,18.864,19.632,16.672,7.84,5.504,5.568,6.064,13.536,14.448,15.728,15.392,14.784,13.68,13.28,13.328,13.664,13.392,13.84,13.712,A
300,20170531,13.68,13.904,13.984,13.408,13.584,13.76,13.744,13.776,13.552,13.92,14.208,24.256,30.912,31.472,24.768,26.528,25.168,23.104,21.28,23.632,19.296,18.432,19.808,17.04,20.064,17.36,17.04,20.48,19.792,20.56,21.696,22.368,17.632,13.072,6.032,5.232,13.424,13.68,13.248,13.44,12.88,13.168,12.896,13.392,12.896,13.584,13.424,13.04,A
300,20170601,13.648,13.616,13.296,13.28,13.584,13.248,13.248,13.552,13.712,14.528,14.304,20.416,29.792,30.784,24.896,23.744,23.2,21.888,19.872,18.224,17.488,19.328,16.48,14.704,15.632,16.16,15.76,18.336,18.112,21.344,20.352,22.288,22.256,17.712,15.6,14,19.392,15.104,14.56,15.328,15.488,15.04,16.512,15.2,14.144,13.472,13.664,13.024,A
300,20170602,12.976,13.456,13.504,13.392,13.44,13.488,13.648,13.728,13.424,14.144,15.904,25.472,32.304,32.512,27.184,30.128,26.48,24.816,23.008,21.264,13.504,9.28,10.24,7.536,12.416,7.136,11.968,14.16,12.08,10.56,11.648,10.976,12.016,8.288,6.048,5.696,13.328,13.168,13.072,13.024,12.112,12.48,12.256,12.544,12.4,12.608,12.288,12.448,A
300,20170603,12.688,12.416,12.88,12.896,12.624,12.848,12.88,13.072,12.656,12.864,13.168,12.992,12.72,12.752,4.368,4.192,2.624,0.672,0.24,0,0,0.064,0.32,0.64,1.2,0.144,0,0,0.032,0,0.384,2.16,1.984,2.752,3.648,3.824,11.808,12.272,12.032,12.016,12.208,12.176,12.416,12.256,12.4,11.968,12.144,12.656,A
300,20170604,12.24,11.744,12.096,12.24,12.16,12.512,12.368,11.936,12.384,12.048,12.576,12.624,11.888,12.208,5.52,3.472,2.368,0.976,0.64,2.032,1.856,0.688,0.048,0,0,0,0.032,0.496,1.36,2.448,3.744,5.328,6.928,8.448,9.088,10.016,19.472,21.648,21.696,21.344,19.744,18.56,18.032,18,17.712,18.096,17.872,18.256,A
300,20170605,18.24,18.032,18.304,18.32,18.048,18.256,18.272,18.384,18.256,17.776,17.776,18.352,18.288,18.24,10.448,10.048,8.208,6.704,4.656,3.28,3.04,2.528,1.872,1.712,1.68,1.824,1.984,2.64,3.456,4.896,5.456,3.424,2.32,3.648,4.192,4.032,11.968,12.368,13.584,12.224,12.288,12.368,12.832,12.304,12.24,12.32,12.192,11.856,A
300,20170606,12.352,12.448,12.272,12.224,12.416,12.336,11.872,12.704,12.16,12.864,13.936,26.048,27.744,29.408,25.936,25.296,25.632,18.032,11.008,9.312,7.888,7.568,6.064,6.512,7.696,8,6.384,11.696,9.552,9.984,12,11.264,11.968,12.752,12.272,10.624,16.72,12.144,12.064,12.24,14.144,14.512,14.112,14.16,13.52,12.72,12.656,12.192,A
300,20170607,12.592,12.128,11.952,12.112,12.384,12.448,12.336,12.688,12.784,12.752,12.72,16.448,23.984,27.872,20.832,24.528,21.04,19.92,20.08,18.192,16.464,15.28,14.544,11.968,13.072,13.824,14.176,15.568,14.128,15.52,16.368,18.288,19.104,17.616,12.736,12,12.592,12.896,12.72,12.592,12.288,12.24,12.56,12.448,12.512,12.752,12.592,12.56,A
300,20170608,12.624,12.576,12.912,12.608,12.848,12.432,12.512,12.912,12.528,12.48,12.704,15.664,29.904,29.552,23.072,23.056,21.872,21.04,18.336,16.96,16.304,15.408,13.872,14.192,5.04,4.816,4.736,5.088,6.096,7.472,8.32,9.488,10.736,7.2,5.056,4.656,12.208,12.656,12.144,12.048,14.144,14.048,14.528,14.912,14.4,13.952,12.624,12.816,A
300,20170609,12.288,12.48,12.16,12.384,12.448,12.368,12.672,12.512,12.576,12.752,12.512,17.424,23.712,25.936,20.512,20.432,17.92,16.416,13.52,12.224,11.424,10.784,9.536,12.144,9.584,10.208,10.928,12.544,12.672,13.088,14.032,14.624,15.424,9.456,8.432,7.472,11.968,12.256,12.208,12.464,12.096,12.24,12.16,12.56,12.352,12.688,12.432,12.64,A
300,20170610,12.848,12.576,12.736,12.352,12.784,12.368,12.816,12.704,12.672,13.36,18.096,17.92,17.664,17.904,9.184,8.944,8.24,7.056,5.808,6.048,4.32,2.976,1.456,0,0,0,0,0,0.048,0.96,0.224,1.296,2.832,4.512,5.648,6.32,13.92,14.448,13.6,12.432,12.56,12.176,12.496,12.208,12.72,12.384,12.544,12.192,A
300,20170611,12.528,12.24,12.528,11.824,12.08,12.304,12.288,12.864,12.128,12.528,12.256,12.416,12.432,12.16,4.144,3.488,2.528,1.888,1.312,1.072,0,0,0,0,0,0,0.224,0.16,0,0.016,0,2.304,3.104,3.344,4.064,3.744,11.856,12.24,12.272,12.4,12.176,12.208,12.48,12.32,12.464,12.704,12.256,12.56,A
300,20170612,12.272,12.48,12.448,12.656,12.72,12.192,12.64,12.64,12.608,12.64,12.864,16.064,27.376,30.944,23.472,27.456,27.088,23.856,21.2,20.72,10.528,5.44,6.752,16.32,12.64,7.728,6.896,7.328,7.184,9.392,10.656,12.416,10.496,8.256,5.36,4.736,13.344,13.472,13.28,12.96,12.928,12.96,13.12,13.168,13.472,13.216,13.328,13.488,A
300,20170613,13.344,13.584,13.024,13.024,13.136,12.992,13.472,13.472,13.616,13.376,14.016,20.608,27.328,31.2,23.056,23.488,22.64,17.168,9.072,7.824,7.104,6.848,7.776,8.528,8.128,8.288,9.472,11.072,11.792,13.568,15.984,15.392,13.056,17.264,11.28,4.736,12.48,12.288,13.952,14.64,14.736,14.704,14.448,13.488,13.152,12.896,12.608,12.48,A
300,20170614,12.656,12.832,12.848,12.784,12.832,12.8,13.12,16.144,23.472,23.632,24.304,31.072,31.712,32.272,26.192,27.184,26.512,25.376,24.048,22.912,20.576,17.44,18.544,20.336,17.552,16.64,21.808,22.32,20.208,24.928,24.208,22.176,16.64,16.704,15.424,16.576,22.256,15.456,12.208,12.24,12.176,12.288,12.32,12.56,12.64,12.544,12.208,12.64,A
300,20170615,12.736,12.608,12.688,12.4,12.208,12.384,12.128,12.624,14.416,16.416,16.112,21.312,24.8,23.536,19.456,21.84,19.408,20.432,17.76,16.688,15.12,16.432,13.824,16.88,15.424,17.072,18.736,18.448,17.232,6.8,7.216,7.664,10.448,8.848,8.816,8.176,15.472,12.368,12.176,12.576,14.032,14.752,14.256,14.688,15.392,14.56,12.864,12.896,A
300,20170616,12.864,12.432,12.64,12.896,12.944,13.024,12.64,12.672,12.752,12.512,12.608,16.896,25.952,32.72,26.64,27.248,26.064,20.704,12.336,10.48,8.896,7.712,6.736,5.92,6.736,6.368,4.64,5.76,7.824,7.36,7.984,6.736,6.288,6.288,6.048,10.272,19.024,18.848,17.696,14.624,13.376,13.456,12.88,13.328,13.392,12.976,13.456,13.472,A
300,20170617,13.088,13.392,13.168,13.248,12.688,13.152,13.376,13.68,13.616,13.52,13.664,13.488,13.536,13.44,5.2,4.992,4,2.144,0.56,0,0,0,0,0,0,0,0,0,0,0,0,0.384,2.032,3.68,4.144,4.48,12.096,12.576,12.112,12.624,12.352,12.512,12.32,12.688,12.4,12.704,12.672,12.656,A
300,20170618,12.752,12.128,12.8,12.656,12.464,12.688,12.496,12.752,12.848,12.4,12.864,12.768,12.688,12.4,4.256,3.888,2.304,0.72,0.192,0,0,0,0,0,0,0,0,0,0,0,0,0.144,1.456,2.976,4.032,3.824,14.848,14.832,14.72,13.408,13.232,12.928,12.384,12.832,12.944,12.592,12.624,13.024,A
300,20170619,12.752,12.544,12.576,12.704,12.8,12.752,12.608,12.528,12.688,12.496,13.216,19.36,26.832,32.336,25.744,28.672,27.68,25.008,23.424,21.2,19.392,18.4,18.592,18.4,18.432,17.76,18.272,16.24,16.368,21.232,20.496,21.408,22.08,7.296,4.848,4.752,12.4,12.56,12.864,12.352,12.512,12.704,12.72,12.928,13.088,12.64,13.104,12.752,A
300,20170620,12.96,13.072,12.784,13.024,13.264,13.184,12.944,13.216,13.264,13.296,13.2,19.168,28.256,30.112,23.776,23.936,22.64,21.328,19.968,18.768,17.296,15.52,15.504,16.784,15.472,16.016,17.232,16.928,18.144,18.496,19.648,20.176,20.288,16.096,5.488,4.912,12.048,12.08,11.92,14.384,14.432,14.56,15.552,14.848,13.792,13.056,12.32,12.416,A
300,20170621,12.368,12.624,12.464,12.64,12.56,12.528,12.576,12.448,12.816,12.88,12.672,18.56,21.536,32.672,25.136,24.624,21.408,19.568,19.168,19.68,18.288,17.936,14.784,17.536,14.896,18.464,15.36,16.912,17.296,20.384,21.552,21.536,21.872,21.776,18.816,14.384,22.88,23.056,22.72,22.672,23.04,22.784,23.216,23.344,23.296,23.472,23.344,23.52,A
300,20170622,23.84,23.184,23.008,23.216,23.568,23.472,23.952,23.552,23.552,23.648,23.712,29.792,33.984,33.648,26.4,27.744,25.696,27.152,25.552,25.104,25.472,24.88,24.064,22.464,25.424,24.896,24.816,25.392,25.056,22.896,24.4,24.848,23.952,24.016,10.896,5.584,12.8,13.056,13.152,12.784,13.104,15.248,15.376,15.792,16.24,16.08,14.816,14,A
300,20170623,13.616,14.736,14.144,13.712,13.952,13.568,14.432,14.656,14,13.632,13.616,15.904,25.152,29.936,22.048,21.936,22.496,21.184,18.8,16.064,17.04,13.728,13.712,13.024,13.84,13.824,16.64,19.392,20.08,21.2,21.264,17.584,18,18.24,8.656,4.896,12.736,13.12,12.592,12.688,11.808,12.048,12.784,12.736,12.8,12.832,12.672,12.192,A
300,20170624,12.528,12.464,11.84,11.968,12.08,12.432,12.208,12.16,12.528,12.592,12.592,12.704,12.704,12.448,4.448,4,2.768,1.008,0.176,0,0,0.032,0.464,0,0,0,0,0,0.032,0.08,0.464,0.976,2.096,2.848,3.872,4.208,11.888,12.192,12.288,12.24,12.16,12.416,12.576,12.624,12.736,12.464,12.736,12.4,A
300,20170625,12.736,12.944,12.496,12.624,12.784,12.88,12.864,13.2,12.96,13.104,13.152,12.928,12.848,12.672,4.4,4.128,2.656,1.104,0,0,0,0,0,0,0,0.56,0.4,0.464,0.128,0.464,1.136,1.952,0.992,3.248,4.096,5.408,14.24,14.672,15.024,15.056,14.912,14.752,14.016,13.184,12.928,12.432,12.848,12.8,A
300,20170626,12.752,12.768,12.832,12.736,12.752,13.024,12.816,13.2,12.928,13.008,13.616,17.52,27.808,31.552,25.36,25.888,28.24,25.776,23.088,19.84,16.592,12.72,8.672,8.688,7.552,6.352,7.072,8.672,7.472,9.456,10.464,12.064,13.536,11.504,12.256,9.136,14.944,14.416,14.56,14.448,14.528,14.88,14.448,15.04,15.264,14.928,15.056,14.784,A
200,8002180729,B1E1K1Q1T1,2,B1,,413000895,kWh,30,,,,,,,,,,,,,,,,,,,,,,,,,,,,,,,,,,,,,,,,,,
300,20170523,0,0,0,0,0,0,0,0,0,0,0,0,0,0,0,0,0,0,0,0,0,0,0,0,0,0,0,0,0,0,0,0,0,0,0,0,0,0,0,0,0,0,0,0,0,0,0,0,A
300,20170524,0,0,0,0,0,0,0,0,0,0,0,0,0,0,0,0,0,0,0,0,0,0,0,0,0,0,0,0,0,0,0,0,0,0,0,0,0,0,0,0,0,0,0,0,0,0,0,0,A
300,20170525,0,0,0,0,0,0,0,0,0,0,0,0,0,0,0,0,0,0,0,0,0,0,0,0,0,0,0,0,0,0,0,0,0,0,0,0,0,0,0,0,0,0,0,0,0,0,0,0,A
300,20170526,0,0,0,0,0,0,0,0,0,0,0,0,0,0,0,0,0,0,0,0,0,0,0,0,0,0,0,0,0,0,0,0,0,0,0,0,0,0,0,0,0,0,0,0,0,0,0,0,A
300,20170527,0,0,0,0,0,0,0,0,0,0,0,0,0,0,0,0,0,0,0,0.736,2.464,2.704,4.016,1.872,1.264,3.52,4.416,3.04,2.896,1.088,0.208,0,0,0,0,0,0,0,0,0,0,0,0,0,0,0,0,0,A
300,20170528,0,0,0,0,0,0,0,0,0,0,0,0,0,0,0,0,0,0,0,0.656,1.664,3.168,3.52,4.192,4.576,4.496,3.088,3.68,1.104,0,0,0,0,0,0,0,0,0,0,0,0,0,0,0,0,0,0,0,A
300,20170529,0,0,0,0,0,0,0,0,0,0,0,0,0,0,0,0,0,0,0,0,0,0,0,0,0,0,0,0,0,0,0,0,0,0,0,0,0,0,0,0,0,0,0,0,0,0,0,0,A
300,20170530,0,0,0,0,0,0,0,0,0,0,0,0,0,0,0,0,0,0,0,0,0,0,0,0,0,0,0,0,0,0,0,0,0,0,0,0,0,0,0,0,0,0,0,0,0,0,0,0,A
300,20170531,0,0,0,0,0,0,0,0,0,0,0,0,0,0,0,0,0,0,0,0,0,0,0,0,0,0,0,0,0,0,0,0,0,0,0,0,0,0,0,0,0,0,0,0,0,0,0,0,A
300,20170601,0,0,0,0,0,0,0,0,0,0,0,0,0,0,0,0,0,0,0,0,0,0,0,0,0,0,0,0,0,0,0,0,0,0,0,0,0,0,0,0,0,0,0,0,0,0,0,0,A
300,20170602,0,0,0,0,0,0,0,0,0,0,0,0,0,0,0,0,0,0,0,0,0,0,0,0,0,0,0,0,0,0,0,0,0,0,0,0,0,0,0,0,0,0,0,0,0,0,0,0,A
300,20170603,0,0,0,0,0,0,0,0,0,0,0,0,0,0,0,0,0,0.192,1.632,3.632,5.632,3.392,0.864,0.016,0,4.96,6.08,4.896,4.192,3.232,2.288,0,0,0,0,0,0,0,0,0,0,0,0,0,0,0,0,0,A
300,20170604,0,0,0,0,0,0,0,0,0,0,0,0,0,0,0,0,0,0.032,0.256,0.432,0,0,0.032,0.4,0.544,0.464,0.064,0,0,0,0,0,0,0,0,0,0,0,0,0,0,0,0,0,0,0,0,0,A
300,20170605,0,0,0,0,0,0,0,0,0,0,0,0,0,0,0,0,0,0,0,0,0,0,0,0,0,0,0,0,0,0,0,0,0,0,0,0,0,0,0,0,0,0,0,0,0,0,0,0,A
300,20170606,0,0,0,0,0,0,0,0,0,0,0,0,0,0,0,0,0,0,0,0,0,0,0,0,0,0,0,0,0,0,0,0,0,0,0,0,0,0,0,0,0,0,0,0,0,0,0,0,A
300,20170607,0,0,0,0,0,0,0,0,0,0,0,0,0,0,0,0,0,0,0,0,0,0,0,0,0,0,0,0,0,0,0,0,0,0,0,0,0,0,0,0,0,0,0,0,0,0,0,0,A
300,20170608,0,0,0,0,0,0,0,0,0,0,0,0,0,0,0,0,0,0,0,0,0,0,0,0,0,0,0,0,0,0,0,0,0,0,0,0,0,0,0,0,0,0,0,0,0,0,0,0,A
300,20170609,0,0,0,0,0,0,0,0,0,0,0,0,0,0,0,0,0,0,0,0,0,0,0,0,0,0,0,0,0,0,0,0,0,0,0,0,0,0,0,0,0,0,0,0,0,0,0,0,A
300,20170610,0,0,0,0,0,0,0,0,0,0,0,0,0,0,0,0,0,0,0,0,0,0.256,3.472,3.072,2,1.92,0.944,1.088,1.104,0.496,0.576,0,0,0,0,0,0,0,0,0,0,0,0,0,0,0,0,0,A
300,20170611,0,0,0,0,0,0,0,0,0,0,0,0,0,0,0,0,0,0,0,0.16,3.36,3.472,4.368,7.312,4.144,3.52,1.648,0.256,4.48,3.28,3.28,0.032,0,0,0,0,0,0,0,0,0,0,0,0,0,0,0,0,A
300,20170612,0,0,0,0,0,0,0,0,0,0,0,0,0,0,0,0,0,0,0,0,0,0,0,0,0,0,0,0,0,0,0,0,0,0,0,0,0,0,0,0,0,0,0,0,0,0,0,0,A
300,20170613,0,0,0,0,0,0,0,0,0,0,0,0,0,0,0,0,0,0,0,0,0,0,0,0,0,0,0,0,0,0,0,0,0,0,0,0,0,0,0,0,0,0,0,0,0,0,0,0,A
300,20170614,0,0,0,0,0,0,0,0,0,0,0,0,0,0,0,0,0,0,0,0,0,0,0,0,0,0,0,0,0,0,0,0,0,0,0,0,0,0,0,0,0,0,0,0,0,0,0,0,A
300,20170615,0,0,0,0,0,0,0,0,0,0,0,0,0,0,0,0,0,0,0,0,0,0,0,0,0,0,0,0,0,0,0,0,0,0,0,0,0,0,0,0,0,0,0,0,0,0,0,0,A
300,20170616,0,0,0,0,0,0,0,0,0,0,0,0,0,0,0,0,0,0,0,0,0,0,0,0,0,0,0,0,0,0,0,0,0,0,0,0,0,0,0,0,0,0,0,0,0,0,0,0,A
300,20170617,0,0,0,0,0,0,0,0,0,0,0,0,0,0,0,0,0,0,0,1.376,2.544,3.168,4.576,3.696,4.704,5.728,5.696,4.512,3.776,2.864,1.68,0.032,0,0,0,0,0,0,0,0,0,0,0,0,0,0,0,0,A
300,20170618,0,0,0,0,0,0,0,0,0,0,0,0,0,0,0,0,0,0.032,0.688,2.88,3.648,5.056,5.92,6.32,6.432,6.256,5.856,5.28,4.336,3.168,1.824,0.368,0,0,0,0,0,0,0,0,0,0,0,0,0,0,0,0,A
300,20170619,0,0,0,0,0,0,0,0,0,0,0,0,0,0,0,0,0,0,0,0,0,0,0,0,0,0,0,0,0,0,0,0,0,0,0,0,0,0,0,0,0,0,0,0,0,0,0,0,A
300,20170620,0,0,0,0,0,0,0,0,0,0,0,0,0,0,0,0,0,0,0,0,0,0,0,0,0,0,0,0,0,0,0,0,0,0,0,0,0,0,0,0,0,0,0,0,0,0,0,0,A
300,20170621,0,0,0,0,0,0,0,0,0,0,0,0,0,0,0,0,0,0,0,0,0,0,0,0,0,0,0,0,0,0,0,0,0,0,0,0,0,0,0,0,0,0,0,0,0,0,0,0,A
300,20170622,0,0,0,0,0,0,0,0,0,0,0,0,0,0,0,0,0,0,0,0,0,0,0,0,0,0,0,0,0,0,0,0,0,0,0,0,0,0,0,0,0,0,0,0,0,0,0,0,A
300,20170623,0,0,0,0,0,0,0,0,0,0,0,0,0,0,0,0,0,0,0,0,0,0,0,0,0,0,0,0,0,0,0,0,0,0,0,0,0,0,0,0,0,0,0,0,0,0,0,0,A
300,20170624,0,0,0,0,0,0,0,0,0,0,0,0,0,0,0,0,0,0,0.624,1.888,3.456,4.592,3.856,6.16,6.144,6.208,5.2,5.632,5.152,2.528,1.952,0.784,0,0,0,0,0,0,0,0,0,0,0,0,0,0,0,0,A
300,20170625,0,0,0,0,0,0,0,0,0,0,0,0,0,0,0,0,0,0.064,0.832,2.48,3.312,5.2,5.888,6.304,7.104,4.256,1.504,3.52,4.816,2.8,1.392,0.784,0,0,0,0,0,0,0,0,0,0,0,0,0,0,0,0,A
300,20170626,0,0,0,0,0,0,0,0,0,0,0,0,0,0,0,0,0,0,0,0,0,0,0,0,0,0,0,0,0,0,0,0,0,0,0,0,0,0,0,0,0,0,0,0,0,0,0,0,A
200,8002180729,B1E1K1Q1T1,3,Q1,,413000895,kvarh,30,,,,,,,,,,,,,,,,,,,,,,,,,,,,,,,,,,,,,,,,,,
300,20170523,6.8,6.784,6.688,6.832,6.768,6.768,6.896,6.736,6.976,6.896,6.256,5.504,2.48,2.288,6.88,7.6,7.52,7.264,8.272,9.584,8.208,8.512,8.144,8.784,8.88,8.704,9.024,8.832,8.16,8.32,7.472,6.768,6.768,5.456,4.576,2.176,5.888,5.952,5.84,6.32,5.36,6.016,6.032,6.096,6.224,6.448,6.128,6.288,A
300,20170524,6.064,6.208,5.952,5.936,6.128,6.24,6.144,6.16,6.128,5.888,5.184,4.24,3.152,2.72,4.592,5.68,4.832,4.4,4.8,4.72,4.496,5.056,5.568,5.216,5.12,5.104,4.752,4.192,3.6,3.76,4.72,3.52,3.2,3.312,1.936,1.696,6.544,6.752,6.912,6.768,6.112,6.736,7.072,6.96,7.376,7.024,7.04,7.184,A
300,20170525,7.408,7.04,7.104,7.312,7.168,7.296,7.36,7.312,6.976,7.088,6.72,5.408,4.32,2.848,4.192,4.144,5.04,4.144,5.488,6.896,5.52,5.04,4.064,4.752,4.448,4.208,4.672,5.072,5.392,6.4,4.704,4.72,4.592,3.952,2.448,2.816,6.96,7.248,7.232,7.44,7.248,7.456,8.08,7.488,7.44,7.456,7.488,7.424,A
300,20170526,7.456,7.472,7.424,7.392,7.328,7.376,7.312,7.328,7.2,6.96,6.944,6,3.136,1.328,6.496,6.4,5.888,6.256,5.808,5.936,6.192,6.016,6.672,6.672,6.448,6.48,6.288,7.28,6.72,6.064,6.064,4.816,3.968,3.744,3.728,3.744,3.616,3.728,5.408,7.456,7.28,7.744,7.456,7.568,7.712,7.6,7.536,7.488,A
300,20170527,7.776,7.616,7.6,7.648,7.872,7.728,7.744,7.536,7.696,7.52,7.312,7.52,7.344,6.912,1.792,1.472,1.504,1.328,0.304,0.16,0.016,0.048,0.048,0.8,0.976,0.4,0.096,0.176,0,0.192,0.192,0.848,1.52,1.44,1.504,1.504,7.008,7.568,7.456,7.296,7.2,7.12,7.152,7.248,7.088,7.264,7.136,7.152,A
300,20170528,7.472,7.312,7.68,7.312,7.184,7.376,7.232,7.2,7.328,7.168,7.184,7.232,7.136,7.088,1.856,1.536,1.568,1.328,0.272,0.144,0.096,0,0,0,0,0.096,0.256,0.224,1.088,1.072,1.664,1.728,1.856,2.352,1.792,1.52,6.48,7.28,7.04,6.944,6.896,7.072,6.944,7.2,6.592,6.496,6.736,6.576,A
300,20170529,6.656,6.912,6.656,6.8,6.912,7.008,6.864,6.816,6.624,6.624,5.504,4.464,4.528,3.104,2.928,3.584,3.36,3.056,3.904,3.968,4.272,6.224,4.096,3.536,5.376,3.872,3.792,3.552,3.568,4.32,3.776,3.76,4.112,3.872,3.44,1.504,6.416,6.944,6.912,6.64,6.88,6.784,6.848,7.024,6.8,7.2,7.12,6.928,A
300,20170530,7.008,7.12,6.96,6.976,6.864,7.152,7.072,7.04,6.928,7.04,7.024,5.504,3.024,2.944,5.696,5.936,6.896,5.6,5.744,5.424,6.48,6.544,6.304,6.304,6,5.632,5.872,6.72,5.568,6.128,6.048,4.64,1.92,0.88,0.8,1.152,6.08,6.224,6.544,6.624,6.368,6.176,6.304,6.464,6.4,6.544,6.416,6.384,A
300,20170531,6.528,6.528,6.464,6.896,6.528,6.48,6.512,6.304,6.464,6.304,6.096,3.76,1.696,2.096,6.096,7.056,7.184,6,5.552,7.968,6.224,7.12,6.592,6.8,7.216,6.288,5.92,5.968,6.464,7.184,6.704,6.176,4.624,3.088,0.656,0.704,6.24,6.432,6.464,6.496,6.944,6.912,6.672,6.656,7.04,6.736,6.736,7.104,A
300,20170601,6.688,6.848,6.816,7.264,7.024,7.136,7.12,7.232,6.784,6.24,5.6,4.528,2.224,2.208,7.2,6.336,7.184,6.4,6.352,6.4,7.04,7.104,7.792,6.816,7.216,6.56,6.384,7.312,6.336,7.792,6.864,7.408,8.464,5.296,4.544,3.184,4.544,6.464,7.008,7.008,7.216,7.104,7.328,7.28,7.152,7.28,7.248,7.632,A
300,20170602,7.264,7.152,7.216,7.184,7.28,7.344,7.088,7.28,7.104,6.704,5.904,5.312,2.96,3.264,7.056,7.584,7.52,7.04,7.728,7.68,5.392,4.48,3.76,2.848,3.104,2.752,2.608,3.104,4.288,4.192,4.464,5.056,2.4,1.264,0.656,0.72,6.848,7.28,7.456,7.168,7.36,7.312,7.184,7.296,7.36,7.536,7.68,7.92,A
300,20170603,7.712,7.792,7.568,7.584,7.648,7.584,7.584,7.52,7.488,7.504,7.216,7.328,7.344,7.136,0.432,0.48,0.384,0.224,0.176,0.016,0,0.08,0.256,0.272,0.304,0.096,0,0.016,0.032,0.032,0.16,0.384,0.416,0.496,0.576,0.512,7.12,7.488,7.536,7.488,7.696,7.44,7.6,7.568,7.792,8.144,7.936,7.744,A
300,20170604,7.856,8.544,7.664,7.984,7.824,7.728,7.872,8.304,7.904,8.048,7.504,7.76,7.952,7.728,2,0.672,0.496,0.976,1.264,3.504,2.176,1.76,1.68,1.136,1.12,1.12,1.616,1.728,1.824,1.984,2.176,2.272,2.112,2.256,2.064,1.984,5.088,5.52,5.536,5.52,5.328,5.152,5.408,5.312,5.616,5.456,5.392,5.36,A
300,20170605,5.376,5.264,5.344,5.376,5.328,5.568,5.328,5.44,5.632,5.872,5.664,5.28,5.28,5.168,2.176,2.24,2.096,2.128,2.128,1.984,1.696,1.632,1.696,1.664,1.856,1.712,1.6,1.728,1.712,2.032,2.464,1.28,0.4,0.336,0.352,0.352,7.184,7.344,7.632,7.68,7.616,8.24,7.584,7.616,7.568,7.568,7.696,8.16,A
300,20170606,7.584,7.856,7.696,7.744,7.632,7.888,8.176,7.824,7.856,7.6,6.608,5.568,2.96,3.392,6.624,7.056,7.056,4.272,3.36,3.984,3.28,3.216,2.736,3.232,3.984,3.168,2.864,3.744,3.424,2.832,2.496,2.528,2.432,2.384,3.248,2.544,5.696,7.456,7.536,7.472,7.664,7.76,7.952,7.392,7.584,7.6,7.568,7.728,A
300,20170607,7.552,8.288,8.208,8.128,8.096,7.952,7.888,7.712,7.568,7.52,7.28,6.512,4.112,2.944,4.832,8.416,6.368,5.6,6.256,6.256,5.696,6,7.968,5.312,5.024,5.008,4.816,6.304,6.352,6.176,5.68,6.16,5.808,4.304,2.96,2.896,6.608,7.12,7.056,7.12,7.136,6.928,7.04,7.024,7.2,7.088,7.296,7.472,A
300,20170608,7.344,7.216,7.104,7.136,7.264,7.456,7.44,7.264,7.28,7.264,7.088,6.144,2.144,1.968,5.792,5.392,5.424,5.632,5.248,5.408,5.824,6.64,5.6,6.064,2.624,2.032,1.968,2.064,2.08,2.608,2.256,1.792,2.016,0.928,0.592,0.512,6.912,7.328,7.424,7.152,7.584,7.648,7.552,7.568,7.664,7.424,7.568,7.456,A
300,20170609,7.664,7.744,7.552,7.776,7.424,7.616,7.456,7.472,7.472,7.248,7.04,5.408,4.8,3.6,4.496,4.832,4.688,4.464,4.032,4.128,4.304,4.8,4.192,4.224,4.528,4.128,5.632,6.64,4.896,4.144,4.4,4.08,4.032,2.16,2.08,1.696,6.848,7.2,7.136,6.944,7.04,7.024,7.104,7.072,7.248,7.216,7.264,7.248,A
300,20170610,7.328,7.328,7.312,7.264,7.136,7.36,7.168,7.216,7.328,6.736,4.864,4.96,4.928,4.944,2.112,2.192,2.272,2.16,2.096,2.208,2.08,2.272,1.056,0.032,0.064,0.08,0.144,0.112,0.352,0.32,0.272,0.256,0.48,0.464,0.384,0.496,7.008,7.2,7.232,7.088,7.136,7.168,7.168,7.248,7.248,7.28,7.328,7.28,A
300,20170611,7.376,7.408,7.344,7.984,7.824,7.552,7.584,7.28,7.616,7.488,7.44,7.52,7.408,7.184,0.544,0.544,0.368,0.304,0.272,0.272,0.048,0.112,0.016,0,0.064,0.048,0.144,0.176,0.064,0.096,0,0.448,0.368,0.592,0.384,0.48,6.736,7.264,7.024,7.088,7.136,7.136,7.232,7.12,7.296,7.344,7.424,7.296,A
300,20170612,7.36,7.504,7.44,7.232,7.44,7.584,7.392,7.296,7.104,7.216,6.352,5.664,4.032,2.432,6.288,6.688,6.496,6.368,5.936,6.528,5.216,1.936,1.92,5.12,5.504,2.144,2.224,2.016,1.904,2.08,2.56,2.752,1.808,1.152,0.512,0.416,6.192,6.576,6.576,6.4,6.4,6.464,6.384,6.624,6.48,6.688,6.624,6.64,A
300,20170613,6.72,6.736,7.264,7.136,7.136,6.864,6.704,6.544,6.512,6.544,5.824,4.528,2.976,1.92,5.856,6.08,5.776,4.464,2.672,2.912,2.752,2.816,3.088,3.52,3.408,2.72,2.512,3.248,3.264,4.336,5.52,3.408,2.544,4.816,2.352,0.56,6.624,6.896,7.408,7.344,6.8,6.672,6.624,6.512,6.608,6.624,7.04,6.768,A
300,20170614,6.576,6.512,6.608,6.608,6.528,6.576,6.544,5.952,3.424,3.408,3.184,3.728,1.808,1.936,7.104,6.992,7.072,7.056,6.752,7.232,6.928,6.752,6.672,7.008,6.544,6.48,6.416,7.072,6.368,6.32,6.656,4.992,4.08,3.68,3.664,3.248,4.176,6.112,7.088,6.976,7.168,7.184,7.216,7.376,7.296,7.328,7.536,7.264,A
300,20170615,7.264,7.248,7.504,7.408,7.872,7.904,7.92,7.92,6.976,6.16,5.84,5.056,4.016,3.936,2.72,3.152,2.608,3.264,2.896,3.472,3.488,3.088,2.688,2.448,2.672,3.744,5.424,4.816,3.84,3.488,2.304,2.112,2.112,1.52,1.536,1.696,5.776,7.344,7.264,7.232,7.344,7.328,8.208,7.68,7.648,7.44,7.904,7.472,A
300,20170616,7.424,7.76,7.552,7.408,7.52,7.36,7.856,7.728,7.456,7.824,7.648,5.888,5.152,1.808,7.328,6.8,6.56,5.184,3.616,3.536,3.2,3.248,2.608,2.512,2.416,2.08,1.888,2.624,3.28,2.128,2.016,1.2,1.056,1.008,0.672,3.136,4.512,4.816,5.712,6.224,6.816,6.72,7.056,6.736,6.72,6.816,6.816,6.992,A
300,20170617,7.184,7.168,7.28,7.184,7.568,7.12,6.944,6.912,6.816,6.96,6.816,6.672,6.608,6.72,0.8,0.896,0.88,0.624,0.72,0.544,0.096,0.192,0.112,0.016,0.064,0,0,0.08,0.144,0.016,0.064,0.16,0.384,0.272,0.288,0.272,6.624,7.04,7.264,6.992,7.12,7.28,7.152,7.264,7.408,7.36,7.44,7.456,A
300,20170618,7.552,7.616,7.248,7.328,7.392,7.424,7.44,7.36,7.28,7.504,7.232,7.312,7.168,7.024,0.48,0.48,0.352,0.224,0.448,0.016,0.064,0.032,0,0,0,0,0,0,0,0,0.048,0.16,0.272,0.544,0.48,0.48,6.48,6.736,6.784,6.672,6.608,6.624,6.752,6.848,6.816,6.976,7.184,6.816,A
300,20170619,7.184,7.248,7.392,7.424,7.392,7.472,7.424,7.744,7.264,7.472,6.752,5.424,3.296,1.472,6.624,7.488,7.184,6.656,7.392,7.488,6.656,7.856,8.576,6.656,7.008,6.144,6.192,5.856,6.4,7.344,6.896,7.68,7.024,1.104,0.512,0.48,6.352,6.544,6.56,6.928,6.448,6.656,6.544,6.624,6.704,6.832,6.704,6.8,A
300,20170620,6.848,6.816,6.896,6.864,6.752,6.864,6.752,6.896,6.752,6.592,6.48,4.752,2.96,1.552,6.144,6.272,6.016,5.792,5.328,5.92,5.92,5.728,6.064,6.896,5.888,5.68,6.544,6.48,6.864,6.144,5.824,5.904,5.808,4.608,0.704,0.496,6.752,7.28,7.44,7.552,7.648,7.328,7.456,7.344,7.312,7.312,7.568,7.872,A
300,20170621,7.488,7.76,7.472,7.712,7.504,7.808,7.776,7.68,7.472,7.312,7.136,5.568,5.328,2.32,6.864,6.288,6.208,5.456,5.488,5.824,5.92,7.024,6.384,6.336,5.84,5.872,5.904,6.96,5.984,6.176,6.592,6.192,6.112,5.568,4.592,3.712,3.472,3.456,3.76,3.424,3.36,3.408,3.424,3.68,3.536,3.824,4.208,3.632,A
300,20170622,3.664,4.016,4.08,4.032,3.76,3.808,3.44,3.696,3.44,3.52,3.328,2.736,1.984,1.808,7.552,9.792,7.28,7.6,7.296,7.136,7.344,7.472,7.056,6.48,6.816,6.592,6.656,7.312,6.624,6.544,6.4,6.928,6.192,5.936,1.856,0.592,6.816,7.2,6.928,7.232,6.976,7.376,7.504,7.456,7.696,7.648,7.456,7.28,A
300,20170623,7.072,7.088,7.504,7.232,7.312,7.536,6.96,7.072,7.392,7.408,6.896,6.112,4.768,3.264,5.632,5.088,5.36,5.408,5.392,5.424,5.552,5.328,5.632,5.392,5.552,5.536,5.504,5.488,5.424,5.744,5.84,5.024,4.688,4.304,1.424,0.448,6.64,6.992,7.296,7.104,7.728,7.328,6.896,6.912,6.912,7.264,7.36,7.904,A
300,20170624,7.968,7.776,8.064,8.112,8.272,7.888,8.128,8.192,7.696,7.744,7.696,7.424,7.152,7.344,0.592,0.448,0.4,0.384,0.256,0.08,0.016,0.032,0.624,0,0,0,0.032,0.032,0.048,0.096,0.16,0.256,0.4,0.512,0.432,0.592,6.832,7.2,7.264,7.312,7.328,7.12,7.12,7.328,7.376,7.456,7.408,7.6,A
300,20170625,7.488,7.392,7.968,7.632,7.456,7.488,7.424,7.456,7.568,7.344,7.328,7.44,7.296,7.184,0.448,0.432,0.352,0.256,0.08,0.112,0.272,0.016,0,0,0,0.128,0.16,0.112,0.048,0.176,0.192,0.272,0.336,0.512,0.368,0.512,7.008,7.248,7.296,7.312,7.264,7.184,7.296,7.2,7.296,7.744,7.376,7.6,A
300,20170626,7.872,7.904,7.888,8.096,7.952,7.744,7.968,7.664,7.792,7.632,6.768,5.312,3.104,2.88,6.224,5.952,6.576,6.304,7.216,6.688,6.416,4.88,3.216,3.504,3.296,2.624,3.024,3.344,3.28,3.328,3.2,3.232,3.2,1.872,1.984,1.312,5.92,6.112,6.128,6.16,5.952,5.904,6.416,5.824,5.904,6.256,6.128,6.512,A
200,8002180729,B1E1K1Q1T1,4,K1,,413000895,kvarh,30,,,,,,,,,,,,,,,,,,,,,,,,,,,,,,,,,,,,,,,,,,
300,20170523,0,0,0,0,0,0,0,0,0,0,0,0,0,0,0,0,0,0,0,0,0,0,0,0,0,0,0,0,0,0,0,0,0,0,0,0,0,0,0,0,0,0,0,0,0,0,0,0,A
300,20170524,0,0,0,0,0,0,0,0,0,0,0,0,0,0,0,0,0,0,0,0,0,0,0,0,0,0,0,0,0,0,0,0,0,0,0,0,0,0,0,0,0,0,0,0,0,0,0,0,A
300,20170525,0,0,0,0,0,0,0,0,0,0,0,0,0,0,0,0,0,0,0,0,0,0,0,0,0,0,0,0,0,0,0,0,0,0,0,0,0,0,0,0,0,0,0,0,0,0,0,0,A
300,20170526,0,0,0,0,0,0,0,0,0,0,0,0,0,0,0,0,0,0,0,0,0,0,0,0,0,0,0,0,0,0,0,0,0,0,0,0,0,0,0,0,0,0,0,0,0,0,0,0,A
300,20170527,0,0,0,0,0,0,0,0,0,0,0,0,0,0,0,0,0,0.16,1.168,1.36,1.488,1.616,1.952,0.944,0.592,1.136,1.504,1.424,1.504,1.248,1.296,0.704,0,0,0,0,0,0,0,0,0,0,0,0,0,0,0,0,A
300,20170528,0,0,0,0,0,0,0,0,0,0,0,0,0,0,0,0,0,0.272,1.344,1.392,1.456,1.536,1.712,1.744,1.856,1.664,1.44,1.472,0.64,0.544,0,0,0,0,0,0,0,0,0,0,0,0,0,0,0,0,0,0,A
300,20170529,0,0,0,0,0,0,0,0,0,0,0,0,0,0,0,0,0,0,0,0,0,0,0,0,0,0,0,0,0,0,0,0,0,0,0,0,0,0,0,0,0,0,0,0,0,0,0,0,A
300,20170530,0,0,0,0,0,0,0,0,0,0,0,0,0,0,0,0,0,0,0,0,0,0,0,0,0,0,0,0,0,0,0,0,0,0,0,0,0,0,0,0,0,0,0,0,0,0,0,0,A
300,20170531,0,0,0,0,0,0,0,0,0,0,0,0,0,0,0,0,0,0,0,0,0,0,0,0,0,0,0,0,0,0,0,0,0,0,0,0,0,0,0,0,0,0,0,0,0,0,0,0,A
300,20170601,0,0,0,0,0,0,0,0,0,0,0,0,0,0,0,0,0,0,0,0,0,0,0,0,0,0,0,0,0,0,0,0,0,0,0,0,0,0,0,0,0,0,0,0,0,0,0,0,A
300,20170602,0,0,0,0,0,0,0,0,0,0,0,0,0,0,0,0,0,0,0,0,0,0,0,0.16,0.016,0.016,0,0,0,0,0,0,0,0,0,0,0,0,0,0,0,0,0,0,0,0,0,0,A
300,20170603,0,0,0,0,0,0,0,0,0,0,0,0,0,0,0,0,0.064,0.256,0.448,0.416,0.48,0.416,0.256,0.224,0.224,0.496,0.608,0.448,0.512,0.576,0.48,0.176,0.16,0.048,0,0,0,0,0,0,0,0,0,0,0,0,0,0,A
300,20170604,0,0,0,0,0,0,0,0,0,0,0,0,0,0,0,0,0.192,0.288,0.56,0.64,0.432,0.56,0.576,1.12,1.152,1.136,0.752,0.56,0.496,0.224,0,0,0,0,0,0,0,0,0,0,0,0,0,0,0,0,0,0,A
300,20170605,0,0,0,0,0,0,0,0,0,0,0,0,0,0,0,0,0,0,0,0.176,0.432,0.448,0.48,0.496,0.528,0.624,0.496,0.48,0.448,0.176,0,0.032,0.016,0,0,0,0,0,0,0,0,0,0,0,0,0,0,0,A
300,20170606,0,0,0,0,0,0,0,0,0,0,0,0,0,0,0,0,0,0,0,0,0,0,0,0,0,0,0,0,0,0,0,0,0,0,0,0,0,0,0,0,0,0,0,0,0,0,0,0,A
300,20170607,0,0,0,0,0,0,0,0,0,0,0,0,0,0,0,0,0,0,0,0,0,0,0,0,0,0,0,0,0,0,0,0,0,0,0,0,0,0,0,0,0,0,0,0,0,0,0,0,A
300,20170608,0,0,0,0,0,0,0,0,0,0,0,0,0,0,0,0,0,0,0,0,0,0,0,0,0.016,0.016,0.016,0,0,0,0,0,0,0,0,0,0,0,0,0,0,0,0,0,0,0,0,0,A
300,20170609,0,0,0,0,0,0,0,0,0,0,0,0,0,0,0,0,0,0,0,0,0,0,0,0,0,0,0,0,0,0,0,0,0,0,0,0,0,0,0,0,0,0,0,0,0,0,0,0,A
300,20170610,0,0,0,0,0,0,0,0,0,0,0,0,0,0,0,0,0,0,0.048,0,0.176,0.32,0.496,1.024,0.4,0.512,0.336,0.448,0.4,0.208,0.304,0.208,0.096,0,0,0,0,0,0,0,0,0,0,0,0,0,0,0,A
300,20170611,0,0,0,0,0,0,0,0,0,0,0,0,0,0,0,0,0.096,0.256,0.208,0.24,0.48,0.64,0.544,0.624,0.288,0.4,0.416,0.24,0.608,0.464,0.48,0.112,0,0,0,0,0,0,0,0,0,0,0,0,0,0,0,0,A
300,20170612,0,0,0,0,0,0,0,0,0,0,0,0,0,0,0,0,0,0,0,0,0,0.016,0,0,0,0.08,0,0,0,0,0,0,0,0,0,0,0,0,0,0,0,0,0,0,0,0,0,0,A
300,20170613,0,0,0,0,0,0,0,0,0,0,0,0,0,0,0,0,0,0,0,0,0,0.016,0,0.048,0,0.048,0,0,0,0,0,0,0,0,0,0,0,0,0,0,0,0,0,0,0,0,0,0,A
300,20170614,0,0,0,0,0,0,0,0,0,0,0,0,0,0,0,0,0,0,0,0,0,0,0,0,0,0,0,0,0,0,0,0,0,0,0,0,0,0,0,0,0,0,0,0,0,0,0,0,A
300,20170615,0,0,0,0,0,0,0,0,0,0,0,0,0,0,0,0,0,0,0,0,0,0,0,0,0,0,0,0,0,0.016,0,0,0,0,0,0,0,0,0,0,0,0,0,0,0,0,0,0,A
300,20170616,0,0,0,0,0,0,0,0,0,0,0,0,0,0,0,0,0,0,0,0,0,0,0,0,0,0,0,0,0,0,0,0,0,0,0,0,0,0,0,0,0,0,0,0,0,0,0,0,A
300,20170617,0,0,0,0,0,0,0,0,0,0,0,0,0,0,0,0,0.016,0.176,0.144,0.384,0.752,0.96,0.88,2.224,1.072,0.32,0.464,1.04,0.752,0.576,0.416,0.176,0,0,0,0,0,0,0,0,0,0,0,0,0,0,0,0,A
300,20170618,0,0,0,0,0,0,0,0,0,0,0,0,0,0,0,0,0.112,0.256,0.464,0.464,0.624,0.656,0.48,0.544,0.48,0.432,0.544,0.464,0.544,0.512,0.448,0.272,0.192,0.032,0,0,0,0,0,0,0,0,0,0,0,0,0,0,A
300,20170619,0,0,0,0,0,0,0,0,0,0,0,0,0,0,0,0,0,0,0,0,0,0,0,0,0,0,0,0,0,0,0,0,0,0,0,0,0,0,0,0,0,0,0,0,0,0,0,0,A
300,20170620,0,0,0,0,0,0,0,0,0,0,0,0,0,0,0,0,0,0,0,0,0,0,0,0,0,0,0,0,0,0,0,0,0,0,0,0,0,0,0,0,0,0,0,0,0,0,0,0,A
300,20170621,0,0,0,0,0,0,0,0,0,0,0,0,0,0,0,0,0,0,0,0,0,0,0,0,0,0,0,0,0,0,0,0,0,0,0,0,0,0,0,0,0,0,0,0,0,0,0,0,A
300,20170622,0,0,0,0,0,0,0,0,0,0,0,0,0,0,0,0,0,0,0,0,0,0,0,0,0,0,0,0,0,0,0,0,0,0,0,0,0,0,0,0,0,0,0,0,0,0,0,0,A
300,20170623,0,0,0,0,0,0,0,0,0,0,0,0,0,0,0,0,0,0,0,0,0,0,0,0,0,0,0,0,0,0,0,0,0,0,0,0,0,0,0,0,0,0,0,0,0,0,0,0,A
300,20170624,0,0,0,0,0,0,0,0,0,0,0,0,0,0,0,0,0.048,0.176,0.336,0.384,0.512,0.672,1.12,1.376,0.752,0.72,1.712,0.592,0.544,0.464,0.464,0.288,0.128,0.08,0,0,0,0,0,0,0,0,0,0,0,0,0,0,A
300,20170625,0,0,0,0,0,0,0,0,0,0,0,0,0,0,0,0,0.08,0.256,0.448,0.48,0.848,0.576,0.496,0.576,0.688,0.368,0.4,0.448,0.384,0.464,0.32,0.176,0.208,0.064,0,0,0,0,0,0,0,0,0,0,0,0,0,0,A
300,20170626,0,0,0,0,0,0,0,0,0,0,0,0,0,0,0,0,0,0,0,0,0,0,0,0,0,0,0,0,0,0,0,0,0,0,0,0,0,0,0,0,0,0,0,0,0,0,0,0,A
200,8002180729,B1E1K1Q1T1,5,T1,,413000895,kVAh,30,,,,,,,,,,,,,,,,,,,,,,,,,,,,,,,,,,,,,,,,,,
300,20170523,15.952,15.712,15.92,16,15.76,16,16.064,16.08,15.84,15.936,15.984,25.248,36.128,34.592,27.248,29.088,30.384,28.416,29.568,30.032,26.72,27.616,26.688,26.624,25.312,28.8,26.096,27.296,26.144,26.608,26.336,25.792,25.248,21.776,18.16,10.096,15.216,15.28,15.696,16.896,17.808,17.632,17.472,17.488,18.08,16.64,16.48,15.952,A
300,20170524,16.384,16.272,16.32,16.368,15.968,16.144,15.84,16.16,15.856,15.872,16.256,22.208,23.872,26.816,20.336,20.704,18.976,16.08,14.592,12.416,11.568,14.832,13.968,17.584,14.496,17.936,16.736,13.744,12.144,11.152,13.584,13.648,14.816,16.112,9.568,8.336,14.672,15.248,14.784,14.992,14.944,14.896,15.152,14.88,15.152,15.376,15.28,15.376,A
300,20170525,15.296,15.328,15.392,15.072,15.296,15.424,15.472,15.616,15.52,15.264,15.12,18.24,23.024,26.4,18.96,22.544,19.28,16.704,16.416,15.424,13.632,12.88,11.36,11.728,13.552,13.632,12.624,13.568,14.24,17.6,15.552,16.288,17.552,14.416,11.936,13.344,16.368,14.752,15.264,16.72,16.816,17.024,17.264,16.896,16.352,15.984,15.36,15.632,A
300,20170526,15.584,14.992,15.36,15.28,15.184,15.44,15.328,15.296,15.424,15.392,15.056,18,32.08,32.48,28.384,27.088,23.92,23.584,20.656,19.856,19.616,18.752,18.832,21.632,20.512,19.728,22.208,24.832,21.824,20.288,23.456,20.672,16.64,16.736,16.512,19.296,25.312,25.648,22.192,14.928,15.264,15.104,15.184,15.632,15.264,15.216,15.568,15.648,A
300,20170527,15.408,15.392,15.632,15.744,15.76,15.616,15.616,15.856,15.776,15.792,15.584,15.296,15.312,16.24,7.936,6.832,5.152,3.568,0.768,0,0,0,0,2.528,3.024,1.248,0.128,0.48,0,0.432,0.192,2.16,4.864,6.272,7.168,7.056,14.96,15.088,15.136,15.28,15.024,15.056,15.312,15.392,15.024,15.152,15.376,15.472,A
300,20170528,15.312,15.488,15.504,15.392,15.44,15.424,15.44,15.52,15.344,15.376,15.36,15.264,15.248,15.312,7.632,6.944,5.568,3.472,0.336,0.08,0,0,0,0,0,0.256,0.672,0.816,2.576,3.2,6.16,7.792,9.248,13.792,10.96,8.432,15.312,15.264,15.04,15.2,15.216,15.168,15.2,15.216,15.264,15.392,15.408,15.312,A
300,20170529,15.44,15.696,15.744,15.648,15.408,15.52,15.584,15.792,15.6,15.456,15.808,20.08,21.712,25.376,19.104,23.872,21.504,19.84,18.976,13.888,12.16,13.744,10.416,9.616,11.04,10.848,10.72,11.264,11.36,13.472,13.968,14.528,15.888,17.136,15.552,7.824,15.712,15.616,15.424,15.152,15.264,15.424,15.488,15.696,15.696,16.112,15.776,15.632,A
300,20170530,16.016,15.936,15.68,16.176,16.208,16.08,15.68,16.192,16.144,15.808,16.72,26.8,31.808,31.088,23.344,23.936,23.824,21.104,18.8,16.992,17.808,16.656,16.192,16.96,16.56,19.184,16.56,16.336,18.496,20.256,20.88,17.6,8.288,5.728,5.776,6.336,15.392,16.208,17.504,17.2,16.608,15.552,15.232,15.376,15.712,15.552,15.872,15.776,A
300,20170531,15.792,16,16.064,15.744,15.744,15.872,15.84,15.792,15.632,15.888,16,25.36,31.632,32.192,25.84,27.76,26.48,24.208,22.384,25.472,20.72,20.288,21.536,18.912,22.032,18.944,18.544,21.888,21.264,22.192,23.088,23.584,18.528,13.696,6.208,5.408,15.392,15.68,15.392,15.584,15.392,15.696,15.168,15.68,15.408,15.936,15.76,15.632,A
300,20170601,15.952,16,15.696,16.08,16.128,15.952,15.776,16.192,16.08,16.496,16.112,21.856,30.512,31.536,26.224,24.88,24.64,23.104,21.248,19.728,19.312,21.088,18.688,16.72,17.728,18,17.536,20.224,19.68,23.152,21.904,23.872,24.192,18.784,16.496,14.608,20.864,17.552,16.928,17.536,17.904,17.392,18.896,17.776,16.72,16.192,16.432,16.16,A
300,20170602,15.728,16.176,16.192,16.144,16.256,16.4,16.336,16.496,16.112,16.576,17.888,27.12,33.216,33.456,28.48,31.536,27.888,26.16,24.736,23.088,14.96,10.752,11.344,8.352,13.072,8.304,12.672,14.752,13.168,11.68,12.8,12.352,12.512,8.592,6.208,5.856,15.632,15.584,15.68,15.504,14.864,15.136,14.912,15.184,15.264,15.568,15.488,15.872,A
300,20170603,15.904,15.728,16,16.064,15.872,16.016,16.064,16.208,15.792,15.984,15.856,15.76,15.472,15.36,4.56,4.4,2.864,0.736,0.272,0,0,0.112,0.368,0.864,1.312,0.208,0,0.016,0.032,0,0.432,2.304,2.176,3.04,3.872,4.032,14.512,15.12,14.928,14.896,15.216,15.024,15.328,15.248,15.472,15.36,15.52,15.712,A
300,20170604,15.424,15.664,15.184,15.6,15.328,15.616,15.616,15.68,15.648,15.344,15.52,15.824,15.232,15.472,6.048,3.792,2.56,1.424,1.104,3.952,2.96,1.84,1.312,0.016,0,0.064,1.056,1.744,2.256,3.472,4.928,6.192,7.552,8.976,9.504,10.352,20.928,23.216,23.312,22.96,21.344,20.208,19.84,19.824,19.744,20.016,19.776,20.16,A
300,20170605,20.16,19.92,20.224,20.256,19.984,20.32,20.208,20.336,20.368,19.984,19.728,20.128,20.032,19.92,10.88,10.496,8.704,7.36,5.616,4.192,3.552,3.2,2.72,2.624,2.672,2.64,2.736,3.248,3.888,5.584,6.384,3.92,2.528,3.84,4.288,4.16,14.64,15.088,16.544,15.2,15.248,15.92,15.744,15.328,15.184,15.28,15.328,15.408,A
300,20170606,15.36,15.6,15.328,15.328,15.456,15.52,15.328,15.856,15.44,15.792,16.208,27.632,28.704,30.432,27.152,26.624,27.024,18.88,11.824,10.496,8.976,8.736,7.248,7.92,9.168,9.2,7.552,12.624,10.528,10.72,12.48,11.744,12.384,13.184,12.96,11.12,18.368,14.912,14.96,15.056,16.752,17.168,16.896,16.672,16.208,15.68,15.648,15.296,A
300,20170607,15.616,15.792,15.616,15.664,15.872,15.856,15.584,15.776,15.776,15.664,15.44,18.624,25.024,28.72,21.68,26.192,22.272,21.024,21.424,19.584,17.808,16.8,16.912,13.552,14.496,15.2,15.488,17.392,15.92,17.056,17.632,19.584,20.224,18.368,13.264,12.48,14.8,15.296,15.104,15.04,14.816,14.64,15.008,14.896,15.104,15.264,15.216,15.344,A
300,20170608,15.28,15.168,15.36,15.088,15.376,15.104,15.152,15.456,15.072,14.976,15.088,17.568,30.688,30.304,24.112,23.984,22.848,22.144,19.44,18.192,17.76,17.28,15.44,15.936,6.192,5.808,5.76,6.064,6.88,8.304,8.896,9.856,11.136,7.424,5.216,4.8,14.64,15.296,14.848,14.64,16.624,16.512,16.976,17.328,16.88,16.56,15.424,15.632,A
300,20170609,15.184,15.504,15.088,15.488,15.232,15.28,15.44,15.312,15.392,15.392,15.008,19.008,24.784,26.816,21.36,21.248,18.736,17.28,14.384,13.232,12.56,12.176,10.8,13.6,11.04,11.456,12.64,14.528,13.904,14.048,15.04,15.456,16.192,9.888,8.864,7.792,14.4,14.784,14.688,14.832,14.544,14.656,14.672,15.024,14.96,15.28,15.04,15.264,A
300,20170610,15.44,15.168,15.344,14.944,15.28,15.072,15.392,15.296,15.328,15.648,19.648,19.52,19.248,19.504,9.6,9.408,8.752,7.6,6.432,6.704,4.864,3.808,1.824,0,0,0,0,0,0.112,1.184,0.352,1.392,3.024,4.688,5.744,6.464,16.064,16.576,15.952,14.88,15.056,14.704,15.04,14.8,15.28,14.976,15.152,14.8,A
300,20170611,15.248,14.928,15.184,14.992,15.136,15.104,15.056,15.44,14.928,15.232,14.976,15.104,15.104,14.768,4.352,3.728,2.688,1.92,1.376,1.232,0,0,0,0,0,0.016,0.32,0.304,0,0.064,0,2.464,3.312,3.568,4.224,3.92,14.224,14.8,14.656,14.864,14.672,14.816,15.072,14.848,15.04,15.312,15.008,15.184,A
300,20170612,14.96,15.312,15.12,15.264,15.648,15.296,15.6,15.44,15.2,15.152,14.976,17.76,28.512,31.792,24.576,28.528,28.096,24.976,22.384,22.032,12.288,6.224,7.504,17.728,14.4,8.272,7.888,8.144,7.888,10,11.328,13.024,10.864,8.528,5.52,4.88,15.152,15.424,15.28,14.864,14.864,14.928,15.04,15.216,15.424,15.296,15.392,15.568,A
300,20170613,15.424,15.712,15.52,15.456,15.568,15.328,15.68,15.472,15.68,15.376,15.68,21.728,28.208,31.984,24.048,24.512,23.648,17.968,9.68,8.672,7.952,7.888,8.88,9.664,9.28,9.216,10.336,11.808,12.464,14.464,17.104,15.936,13.472,18.416,11.696,4.88,14.624,14.56,16.208,16.784,16.608,16.528,16.288,15.44,15.2,15.008,14.944,14.736,A
300,20170614,14.736,14.912,14.928,14.864,14.88,14.88,15.2,18.096,24.592,24.688,25.264,32.032,32.496,32.992,27.472,28.48,27.808,26.672,25.312,24.368,22.08,19.12,20.144,21.984,19.264,18.432,23.168,23.856,21.712,26.096,25.472,23.184,17.376,17.36,16.064,17.216,23.504,17.552,14.688,14.672,14.72,14.88,14.896,15.264,15.296,15.232,15.152,15.248,A
300,20170615,15.344,15.232,15.424,15.168,15.392,15.568,15.36,15.872,17.296,18.592,18.112,22.768,25.696,24.4,19.904,22.368,19.872,20.992,18.32,17.44,15.952,17.136,14.56,17.488,16.208,17.776,19.744,19.296,17.872,8.096,7.936,8.192,10.848,9.152,9.088,8.48,17.376,15.04,14.752,15.136,16.336,16.992,17.12,17.136,17.68,16.976,15.872,15.552,A
300,20170616,15.536,15.296,15.36,15.568,15.632,15.632,15.664,15.552,15.472,15.504,15.568,18.56,27.12,33.344,27.952,28.4,27.136,21.6,13.184,11.392,9.856,8.752,7.68,6.976,7.68,7.376,5.552,6.8,8.944,8,8.512,7.104,6.56,6.544,6.272,11.168,20.912,20.864,20.032,16.96,15.76,15.776,15.424,15.664,15.76,15.44,15.888,16.016,A
300,20170617,15.744,16.048,16.016,16,15.824,15.76,15.904,16.192,16,15.968,16.016,15.76,15.808,15.744,5.44,5.264,4.352,2.32,1.04,0,0,0.032,0,0,0,0,0,0,0,0,0,0.464,2.368,3.84,4.272,4.592,14.288,14.912,14.608,14.96,14.784,15.056,14.832,15.248,15.04,15.344,15.376,15.344,A
300,20170618,15.472,15.008,15.344,15.232,15.104,15.408,15.136,15.408,15.376,15.136,15.376,15.376,15.232,14.992,4.448,4.112,2.48,0.816,0.304,0,0,0,0,0,0,0,0,0,0,0,0,0.272,1.584,3.216,4.208,4,16.576,16.672,16.608,15.408,15.296,15.024,14.608,15.056,15.168,14.928,15.168,15.392,A
300,20170619,15.408,15.216,15.408,15.584,15.664,15.664,15.456,15.68,15.424,15.36,15.568,20.928,27.856,33.072,26.944,29.984,28.896,26.192,24.912,22.832,20.88,20.384,20.992,20.064,20.192,19.296,19.808,17.744,18.096,23.008,22.064,23.168,23.584,7.536,4.992,4.912,14.368,14.576,14.912,14.688,14.528,14.832,14.768,15.04,15.248,14.832,15.248,14.944,A
300,20170620,15.184,15.248,15.008,15.232,15.36,15.392,15.072,15.456,15.376,15.312,15.264,20.32,29.12,30.752,24.864,25.008,23.68,22.368,21.008,20.016,18.64,16.928,17.136,18.704,17.024,17.504,18.864,18.624,19.824,19.92,20.848,21.392,21.488,17.024,5.68,5.056,14.4,14.688,14.752,16.72,16.928,16.8,17.872,17.072,16.176,15.616,15.088,15.536,A
300,20170621,15.088,15.504,15.168,15.536,15.248,15.408,15.456,15.216,15.488,15.392,15.104,20.048,22.784,33.328,26.32,25.696,22.576,20.624,20.24,20.896,19.584,19.728,16.608,19.136,16.576,19.872,16.912,18.736,18.752,21.696,22.96,22.752,23.056,22.784,19.664,15.072,23.84,24.064,23.856,23.696,24.032,23.792,24.272,24.464,24.384,24.704,24.704,24.704,A
300,20170622,25.008,24.528,24.288,24.72,24.912,24.816,25.344,25.024,24.992,25.024,24.912,30.816,34.832,34.32,27.696,29.664,26.96,28.48,26.848,26.384,26.8,26.352,25.456,23.776,26.704,26.16,26.08,26.816,26.32,24.256,25.648,26.16,25.104,25.104,11.264,5.76,15.056,15.424,15.424,15.232,15.408,17.424,17.6,18,18.48,18.336,17.216,16.368,A
300,20170623,15.84,16.784,16.56,16.032,16.304,16.176,16.448,16.736,16.416,16.112,15.712,17.584,26.272,30.704,22.96,22.72,23.376,22.128,19.888,17.264,18.24,15.184,15.28,14.592,15.472,15.408,18.016,20.448,21.104,22.24,22.336,18.56,18.848,19.008,8.944,5.04,14.896,15.44,15.12,15.216,14.896,14.8,15.104,15.072,15.184,15.456,15.408,15.488,A
300,20170624,15.808,15.52,15.264,15.408,15.52,15.616,15.6,15.792,15.456,15.696,15.696,15.552,15.344,15.12,4.624,4.16,3.008,1.184,0.16,0,0,0.032,0.656,0,0,0,0.016,0,0.064,0.08,0.528,1.056,2.304,3.04,4.064,4.416,14.336,14.768,14.992,14.96,14.832,14.96,15.12,15.312,15.408,15.184,15.44,15.344,A
300,20170625,15.504,15.632,15.68,15.552,15.488,15.584,15.568,15.872,15.76,15.728,15.824,15.616,15.488,15.264,4.56,4.32,2.848,1.184,0,0,0,0,0,0,0,0.608,0.448,0.496,0.144,0.496,1.216,2.08,1.216,3.424,4.256,5.568,16.4,16.816,17.168,17.232,17.072,16.896,16.368,15.68,15.52,15.392,15.584,15.664,A
300,20170626,15.84,15.936,15.92,15.968,15.936,15.952,15.936,16.096,15.888,15.84,15.872,19.04,28.544,32.256,26.432,26.864,29.248,26.816,24.496,21.248,18.16,13.984,9.696,9.84,8.832,7.568,8.32,9.856,8.608,10.4,11.28,12.768,14.224,11.84,12.592,9.36,16.608,16.224,16.336,16.272,16.24,16.528,16.528,16.64,16.928,16.864,16.848,16.88,A
900,,,,,,,,,,,,,,,,,,,,,,,,,,,,,,,,,,,,,,,,,,,,,,,,,,
